player_id,aces_per_svpt,df_rate,first_serve_in_pct,first_serve_won_pct,second_serve_won_pct,bp_faced_per_match,bp_saved_pct,return_points_won_pct,bp_converted_pct,matches_played
100644,0.13130791728223662,0.04375925489770666,0.6885430285111763,0.765951188292812,0.512046635026304,5.09009009009009,0.6035727800816649,0.3716915969661898,0.435331776854388,333
103333,0.23113591586281365,0.04815066183176776,0.6535407244491399,0.8223093717401568,0.5424130691631638,4.071428571428571,0.7052767052767053,0.25938638690345,0.24335600907029478,42
103819,0.11709708878231474,0.023591354834328823,0.6330146438134506,0.7892114044226728,0.5891762494548634,4.0,0.6533480408480409,0.3891339776073393,0.45122118622118623,107
103852,0.14963557294662422,0.051935592155464116,0.5698891731225244,0.7684997466235015,0.47534291759693353,7.024390243902439,0.6407969667463338,0.3097717522267812,0.3526679448079042,82
104259,0.06393640653680044,0.022429201298570803,0.6200854913241561,0.7150221977522104,0.5434566555641682,6.53030303030303,0.6388126646509499,0.33331416618310455,0.39234478756537583,66
104269,0.09096684639156176,0.045562261324537126,0.6315624862005564,0.7197087079559489,0.4891726162165103,7.0,0.5928158283875162,0.3669544806657423,0.39026853616236556,90
104291,0.0510339856748223,0.043679176243208426,0.5389347320245244,0.6604467110136494,0.4638010363130178,8.10204081632653,0.5183621450578233,0.3221890679824637,0.40123291342803535,49
104312,0.07048076851032568,0.03241479564281195,0.5818899113710255,0.7130330659563241,0.49651048000608317,7.597701149425287,0.5359308327331583,0.36347458383380615,0.442923057334822,87
104468,0.05163087851745368,0.03377203110964893,0.5960052732903584,0.694324012937934,0.49435528472182855,6.695652173913044,0.5448472181061639,0.38206926306947614,0.4351406635291757,115
104527,0.10759303490881965,0.02250134304377544,0.580991897431057,0.7641656150845942,0.5282652557664528,6.211538461538462,0.6134128274665359,0.3421296678020042,0.3758259473616498,156
104542,0.1393295556093242,0.03042480433819584,0.5982337959109623,0.7880472813369056,0.5304923433969235,5.081967213114754,0.6751100751100751,0.31850394550794303,0.36654808485165624,61
104545,0.24564539541880023,0.024885288584393744,0.6978461598498187,0.7937066182929539,0.5639362642489586,3.463687150837989,0.6930759356084032,0.2878235353476316,0.30237123125321885,179
104607,0.08810259838217183,0.025176670521246985,0.5970171259761599,0.7692533376844202,0.5022892109280334,6.186046511627907,0.673354908979909,0.3835124370230951,0.43614499195894546,43
104665,0.02021337033954071,0.044515908908865406,0.6374315006166078,0.6420732397515141,0.4594811304295774,8.54,0.5556593416587414,0.3676000046018156,0.43657064553803687,50
104731,0.18630419904311554,0.033958186805101834,0.6356060697287387,0.7924873949193365,0.528835218810207,4.990566037735849,0.6543406285072951,0.32729159224528287,0.3571476633332304,106
104745,0.07007120549838938,0.030892272949997412,0.6412495008353079,0.7583901500941336,0.567338086112044,5.353383458646617,0.6380741390862849,0.3987741452312856,0.4531772694083922,133
104755,0.07322189713866115,0.0347516667569448,0.6075885147027985,0.7247064650959347,0.5094280134794202,6.42,0.5724894313573041,0.34555680331641286,0.39543648782779217,150
104792,0.10576222398689844,0.055279970674140526,0.6178014878404036,0.7381322829506755,0.5077894883985922,5.596059113300493,0.6051928317947226,0.3767782764170644,0.41620161113777604,203
104871,0.10648913968219817,0.05443006727334065,0.6164368740178496,0.7405155255660086,0.4857098795602198,7.0,0.5951442917074113,0.3290033704919909,0.37773943687809236,93
104898,0.08856873656612563,0.03880493791250413,0.5687373523716925,0.7344974854920774,0.4928808705151279,7.542857142857143,0.5724227113716732,0.3452317126656484,0.4264609593949735,70
104918,0.08049913986454837,0.03521863288285511,0.5830986168603542,0.7308883332988377,0.49558369715234984,6.920863309352518,0.5847543538333012,0.36757738248987637,0.38988047645919277,139
104925,0.09482103442708868,0.03339165137749657,0.6460985899777596,0.7833703261316758,0.5765708519342815,3.9844357976653697,0.585612668984762,0.4082526190209145,0.4571105641952796,257
104926,0.054698247061941006,0.05577470815007344,0.5863806324688248,0.69215937097508,0.4808872824478196,8.129496402877697,0.5564491516754582,0.36695629065783325,0.4361079418319237,139
105023,0.1860645834167801,0.049357524113598596,0.5897781824940541,0.8044125984157707,0.493294996114884,4.771739130434782,0.5330357142857143,0.32744100643227997,0.35385333620627735,92
105051,0.08594917394747241,0.06614086290628804,0.5951008961798153,0.712943681066089,0.4808383116864362,6.685185185185185,0.5854127128266973,0.33875587093256304,0.45576406926406926,54
105062,0.03417316016311856,0.016422828424133847,0.6406131904127966,0.6589382055565185,0.5346945215990879,7.207207207207207,0.5452193382748939,0.35902034522113335,0.42222265418020133,111
105077,0.04228454130591941,0.03336505275694935,0.611000020302486,0.6799120395929714,0.4968773975462389,7.65,0.5559309454717618,0.33588295561485426,0.3654064077000093,100
105138,0.04576564109370195,0.02245665226379557,0.6652183862928001,0.7147039998485982,0.5492410325597843,6.152892561983471,0.5977613374642042,0.3868658879021096,0.43237512502136044,242
105173,0.07129727046465868,0.028808869696162906,0.604934218535615,0.7141105862435703,0.5224185818548507,6.262773722627737,0.5399021580642088,0.36403984736359696,0.43047661417909455,274
105223,0.1214637243545292,0.02333158997856007,0.6555897916230862,0.771716517005603,0.5469782928764313,3.462962962962963,0.6056966490299823,0.3916283810130138,0.46450816811393736,54
105227,0.12855564475653675,0.04161157894360108,0.5902612613505976,0.7807293691415552,0.5037306008309567,6.225274725274725,0.5978495639090559,0.3607064613043633,0.40478048225792584,182
105311,0.05486469055419315,0.029161336605978028,0.6060674282897824,0.702546769573683,0.48968237433175493,6.744897959183674,0.49248801422176036,0.3468759486405962,0.36152461203012676,98
105332,0.11615616175891905,0.08250884611514532,0.5224829519708407,0.7619135782814598,0.416566792107289,8.02127659574468,0.5548786786200608,0.3554595502377407,0.39670751075549837,141
105357,0.052529661248070084,0.020306450774367314,0.6158984659728052,0.6839956612938373,0.5303848384791651,7.394366197183099,0.5565182681157361,0.3690290758897926,0.43895220103588956,142
105376,0.08287374092243124,0.057263874578797044,0.5317271392799744,0.7278355390993384,0.4780948008224199,7.207920792079208,0.5395047213024404,0.3435611584738972,0.4066961290870209,101
105379,0.12464460410642099,0.04126029415115345,0.5731878013556043,0.7683592542870553,0.4788467323404848,6.461538461538462,0.6092633900975271,0.33207023043039025,0.3815928326364759,65
105430,0.04086223781532827,0.03814979042374084,0.6331000701016183,0.6672235382339524,0.5006906969430724,7.404411764705882,0.5679450232849986,0.36253142553491363,0.41463116856503707,136
105449,0.10573038470363058,0.04006541914195777,0.5681166040195605,0.7480207699124872,0.530442111676387,5.80188679245283,0.640814567785156,0.32363091132857663,0.38693940652703535,106
105453,0.04054536124918669,0.02762415685817083,0.6297543487400133,0.6930594846962179,0.5534200401515534,6.553571428571429,0.5605189525155588,0.3732806564346595,0.44389461402377867,112
105526,0.12612067334923013,0.04547053771291695,0.5737708352165954,0.7618147449156747,0.4797034812354253,6.104972375690608,0.6041148771863057,0.3489206193675475,0.35424870701562433,181
105539,0.05566787850968793,0.03068642621939276,0.5993124799363324,0.6875236092475695,0.4780692344589923,6.958333333333333,0.5870680737702014,0.3334091403547675,0.4258822870183589,48
105550,0.06864123349049411,0.027906346630272756,0.6508654181640177,0.6776729099297691,0.5259104502725813,7.571428571428571,0.5884512313083742,0.35906981092351986,0.40187420026992215,70
105554,0.05864838605183286,0.032791134039125966,0.6055622307443088,0.7247530272296064,0.5161015850836107,6.924242424242424,0.5806527822808614,0.37086849141125666,0.4236381116397879,198
105575,0.0440503069421872,0.0403946599507601,0.5885137841135915,0.7021099797366653,0.5019956694968927,7.184782608695652,0.5937610849295631,0.35614821088000076,0.43135524885830884,92
105577,0.12297586359832961,0.042247719407865286,0.6020837000682543,0.7699578910618611,0.49597625231602355,5.857142857142857,0.6356294867922775,0.3277966826426613,0.3883751542575072,91
105583,0.04540287580924417,0.01820475267676883,0.6875545152318296,0.6707739147586429,0.496818926781466,7.243055555555555,0.5530203429299154,0.33845274428878014,0.40345688580879413,144
105657,0.156001115026787,0.038680055254554785,0.5829184954383685,0.7769768029568654,0.5237306059025795,5.649122807017544,0.5398533655886597,0.3365146805933669,0.41098901098901097,57
105676,0.07484848420119747,0.038185994086542094,0.594861881631901,0.7083424001513731,0.48787417548970785,6.908571428571428,0.5489524829498091,0.38822375669388326,0.4480957656190321,175
105683,0.2296392281690823,0.05171219537183039,0.6222588595741745,0.829020288070062,0.5566218720268691,3.7777777777777777,0.6369203712953713,0.3450872765400813,0.38547341774800786,126
105732,0.10109499509276265,0.04315312090058474,0.5942043207856651,0.7469967126994782,0.5206014349476112,6.37037037037037,0.5915199141118916,0.34580761553913736,0.4213411167956623,108
105777,0.0909515702721562,0.04514321406637788,0.6250710867904637,0.7619086647206417,0.5113068962211798,5.984496124031008,0.6117565540632259,0.36969329034727844,0.4168797610083756,258
105807,0.060242862920804746,0.023409475897005715,0.6679397618562251,0.7088991464406034,0.5439433826166097,6.432584269662922,0.6306068173892412,0.37358923343936246,0.4420622300770046,178
105815,0.11163273778309576,0.032767480612972695,0.601646463306799,0.741842922401802,0.48493700095920406,7.0519480519480515,0.637404281154281,0.3338901710061195,0.37181049121375287,77
105870,0.0701888104291152,0.022474958782658577,0.6476149331261767,0.6732107875167288,0.49528510497622824,8.136363636363637,0.6063828532578532,0.32843235024617184,0.33261675824175824,44
105882,0.09902047455790193,0.039894477804502206,0.5553489883596298,0.7403483985611261,0.4865909117779346,6.979591836734694,0.5495710135906214,0.35528734794611666,0.4013914615477115,49
105902,0.09101566276656393,0.02824670723711224,0.5687149679169441,0.7243322170417631,0.5258114670938542,6.782608695652174,0.5980911048608817,0.32617909989072963,0.4265180532654581,92
105916,0.052629717620530696,0.03810097255736544,0.5918830750309836,0.697477432415215,0.5094230380918265,7.478494623655914,0.5778169029303764,0.37450965290367744,0.4231390711877823,186
105932,0.06389839697363647,0.05719256017204498,0.5701690064743251,0.6870383275369084,0.48381604799547057,7.589403973509934,0.5542231923898946,0.3579937904693953,0.41632963702510273,151
105936,0.06020894665609793,0.023266513124411838,0.6419005384986711,0.6911954455181585,0.5058572910628,7.082278481012659,0.5962476569437931,0.36599921548185105,0.4223085300387932,158
105967,0.08058120455932052,0.03936728466705424,0.5732599654409442,0.7197192822988415,0.47675625858144866,7.634146341463414,0.5502596504802387,0.34082730013931706,0.3257032319532319,41
105992,0.11265675603900126,0.038138313617778065,0.6036794626387831,0.7454922788754241,0.5444622233254431,6.326086956521739,0.6785204694295603,0.3311448895977641,0.42346373536704013,46
106000,0.029114261855442157,0.03973836514497091,0.6266153110241687,0.6368114665506036,0.47321865917500017,8.03370786516854,0.5094343311584903,0.36451780875471923,0.39167038843509433,89
106005,0.05928617075056231,0.03755225354034355,0.606936734943268,0.6636056182937328,0.45094369401934153,8.608695652173912,0.5547603939270606,0.36088861345692175,0.4305500658761528,46
106043,0.02679080901360766,0.03830315795730499,0.634944973435064,0.6714668200335905,0.5029851823985101,7.72316384180791,0.5640858292647354,0.3869380798167619,0.4234483924433803,177
106045,0.07592820044503237,0.041076174949410064,0.5883296128135009,0.6944290882013668,0.48094094869410703,7.2784810126582276,0.5154092054305638,0.3272988394904318,0.4036788806431663,79
106058,0.08010299866973702,0.04829375061282532,0.6125661667398278,0.7230961893685453,0.4956278615057352,7.229508196721311,0.633501432653975,0.34841999145643615,0.45278607987586317,61
106065,0.07119903750634597,0.040304099437530765,0.6292570857920534,0.6878894463283765,0.5030433146261866,6.811320754716981,0.5680457906873001,0.2941049643329467,0.31148289618877856,53
106078,0.09442788477442811,0.04277226112329115,0.6471474998422547,0.7179629653565341,0.4856571771007827,6.488888888888889,0.5798005315246695,0.34764319764206086,0.39101987733470184,90
106121,0.0541589859521543,0.032861259047695025,0.6035364311723108,0.6789718304001036,0.4880337375230324,7.256198347107438,0.5524069522407118,0.34943277624580615,0.4356910367959301,121
106148,0.03960914836301065,0.03902212008245264,0.6048412664385804,0.6717904198845915,0.5008976965053625,7.185185185185185,0.5358992284645879,0.35480855078716755,0.4460860136418896,81
106210,0.13676070528507944,0.05627095290706591,0.6444686794525557,0.7586162381356878,0.49735529806715295,6.042857142857143,0.6498321123321124,0.3169450720813678,0.39434440786899805,70
106214,0.1146671705720731,0.05054369791052371,0.5600644742754443,0.7492581412063485,0.4895055845964967,6.416666666666667,0.5485604069843201,0.3474312477431214,0.3865459184309452,48
106218,0.06629078349701933,0.02038307175118134,0.6108731799012121,0.7194074485563344,0.51205850685498,6.166666666666667,0.5936628158362306,0.3544969934967892,0.4185461270201108,162
106233,0.08515177351336538,0.03280539282264074,0.6219317597680626,0.7441043788121188,0.5354522363525663,6.243589743589744,0.6325105688753779,0.35636019244180184,0.4087644309583085,156
106234,0.07515339634620159,0.05513460624033599,0.5909516577049397,0.7308467848253136,0.5065108663806723,6.640350877192983,0.5850992102934124,0.35916204116923406,0.42964898457840206,114
106296,0.06771184878176212,0.02568777969778723,0.6252971725712132,0.7028644038369363,0.5107230955626838,6.483870967741935,0.5620986828613947,0.3352921691177475,0.38960330353252315,62
106298,0.08780102549335267,0.04628408990838538,0.5649737194159561,0.7300398402005508,0.49653428206849454,6.9625,0.6064537979011664,0.3333868417722802,0.4004712920708086,80
106329,0.0871721463058147,0.02467612252273334,0.6604178323167685,0.7366021548247284,0.5295934027887684,6.552238805970149,0.675216600895334,0.3139210129344081,0.38338839809428044,67
106331,0.10156412118503336,0.022507483152632266,0.6123807261889384,0.7443651222314125,0.49747451210545146,7.130952380952381,0.637676254001645,0.3372954861806292,0.3521539428708546,84
106378,0.09383971739304213,0.030985074438994377,0.6027809846175977,0.7353133985575134,0.5080788170927327,5.760869565217392,0.5868152185116471,0.35561263816377503,0.4039924822062958,92
106401,0.2066829495329045,0.04077605086811321,0.6687647028245713,0.7923247242134642,0.5265441883844291,4.293103448275862,0.6830937950937951,0.32876270623924775,0.404385050014135,116
106415,0.026999164894344223,0.018592951730999317,0.6554656478808002,0.6459245756566532,0.5534578451560854,6.927777777777778,0.5283523904762776,0.3621627997000107,0.4435345672528428,180
106421,0.11642506667650282,0.0484542148551505,0.6237003732713563,0.7680436689054404,0.5281150088318916,5.157517899761337,0.6250808755571023,0.39598819499829363,0.44536884926236214,419
106423,0.13939652077596085,0.03176544803745646,0.6322796835763088,0.7706041441335901,0.5090666936575631,5.5625,0.639466931320864,0.33350527247751666,0.33958460018242625,96
106426,0.05883877187025731,0.039266901506025485,0.6163100064938148,0.701347916647738,0.49228711019504073,7.337349397590361,0.555278908648231,0.3407318934055714,0.42532039516378706,83
106432,0.0881060332163609,0.027136673971077004,0.634762690227726,0.7351788836014321,0.54228460690704,5.92,0.6021543826058626,0.3583710508458209,0.4259946044584598,175
109739,0.09582198330869486,0.022840905156470005,0.6281954590573698,0.7068817070894513,0.539864366845289,5.982142857142857,0.574292322903434,0.3121496917876218,0.40926207362377576,56
111153,0.12484310509289055,0.036189376119733885,0.6780405151598787,0.7303238840313231,0.5402725266522693,6.231884057971015,0.6187938926744897,0.30635569471260987,0.35816930465367963,69
111190,0.10137338621565531,0.026150523388846846,0.6421301067820847,0.7319794319121037,0.5084495171921531,5.5396825396825395,0.504963952689198,0.3269452416393351,0.34355306470520974,63
111200,0.07199502081739703,0.04664363253478405,0.5898639248258875,0.7090076592322611,0.490483003524346,7.166666666666667,0.49390666700449304,0.35726726063942066,0.4142774926598456,48
111202,0.05237085617270546,0.03316703563540237,0.6295167073964942,0.7070600222698686,0.5232881474410052,6.6461538461538465,0.5629883298177016,0.37734329341470063,0.4294626056789618,65
111442,0.0899904121627943,0.021784264226366923,0.6230968678545902,0.7242078050327944,0.5184352301632439,6.573099415204679,0.6217822184332965,0.352035706774263,0.40913578174005183,171
111456,0.0663836985546707,0.03193535524842998,0.6371112179578854,0.6967566429864304,0.5056318428889456,6.724324324324324,0.574256341661041,0.36612427280828996,0.44389428955156857,185
111460,0.15941182903101947,0.05016958917470867,0.6061858941740818,0.7810704017865233,0.4545900176985728,6.773584905660377,0.6215041102688161,0.3320384195377492,0.39593941397574617,53
111513,0.08533179885250455,0.042496636759425006,0.612368263107747,0.696694232804843,0.47651135663975647,7.795081967213115,0.5658321722027366,0.3418258211588577,0.41256536657431797,122
111575,0.10358114253646816,0.02871722811039838,0.6415612129416719,0.7497280570303205,0.5276512093766207,5.57679180887372,0.616916919175691,0.3675961753607146,0.44455221061505273,293
111581,0.07302281120055037,0.04977305767843083,0.6558012920408827,0.69262480770836,0.47089188145296557,8.203703703703704,0.579333343671579,0.35577143139203904,0.4301061683414624,54
111797,0.12536449104207661,0.030445050944137218,0.6351392682599563,0.7555570489835577,0.5010960801604906,6.101123595505618,0.6187049563555588,0.3158681896761151,0.4146205412028197,89
111815,0.06489002313041109,0.03700603105287825,0.6553283537567904,0.7084034964308565,0.506965958961678,6.670781893004115,0.6017134547974198,0.3768784988233545,0.44504882394326784,243
122298,0.08144911183442771,0.047832526956376846,0.635387498429441,0.7214278407463851,0.47274151062731434,7.120300751879699,0.6010953871753153,0.3635123294737788,0.3921017090106649,133
122330,0.14965821832777837,0.08529041930130303,0.5929561790651815,0.7644423630886737,0.44600613159670155,6.852216748768473,0.6161106968763553,0.34269972847317287,0.3962697848686091,203
123755,0.0582067505347457,0.018964324484856895,0.6341209591197716,0.6708280785122851,0.466401769162643,8.02,0.5186875007345596,0.3577282825127917,0.37556778501709664,50
124079,0.03667775459273901,0.044012850463701056,0.6480613463215432,0.6467824158125564,0.4801265514833279,7.735294117647059,0.5400064684450497,0.3523748462707051,0.4378810221641104,68
124187,0.23876480236338474,0.032927622133832296,0.6484663890902278,0.8107163424810128,0.5601646386598043,3.8,0.6810753925928313,0.28049253258745843,0.3474719959889451,135
125802,0.07597586741629721,0.03809254371181041,0.6199069322189423,0.7300128489937854,0.4964136835530624,7.117117117117117,0.6065341745272541,0.3741177590260411,0.4028753525281303,111
126094,0.10933088365952556,0.03234364495688717,0.6141648210542993,0.773533060370494,0.5124993336402399,5.241847826086956,0.6255241353177061,0.3803152945108756,0.43325427526523136,368
126127,0.08340797242107548,0.027728453922948818,0.6115496611774575,0.7307037737283789,0.5156217634054738,6.8133333333333335,0.5773154301415171,0.3602445293686482,0.3925773201347701,75
126128,0.09018793459710404,0.040493398946821274,0.6139446570953988,0.7428446870588921,0.5035696065615558,6.3076923076923075,0.6293313680779055,0.36771199555924444,0.4044459508745223,78
126203,0.1289862296317389,0.030005711095024597,0.6023062013383556,0.7777314976250922,0.5240641460993694,5.259740259740259,0.6141558094511115,0.36080217800312925,0.4085913507369334,308
126205,0.06953910196518942,0.027223275360963414,0.609499946751688,0.7220608019315462,0.5389178353966383,6.148837209302326,0.5855222838755447,0.38703115372748054,0.4148275683684075,215
126207,0.09290472127344693,0.028995536775328845,0.6130803642438577,0.7358574945547827,0.5241278371295575,6.409252669039146,0.610728058146212,0.3477652731912629,0.39086124536920647,281
126214,0.10298857315096767,0.03735243632128706,0.6398830832373102,0.7250364022294776,0.5059755791489038,6.37037037037037,0.5441722062799997,0.35633751611060055,0.3832686376804024,54
126239,0.1305592804248195,0.02383002973145261,0.646157745243975,0.755870931487057,0.4936070026625023,5.647619047619048,0.6177943953247662,0.32631711749201303,0.3824861464279158,105
126610,0.12873862891668428,0.023003524077826718,0.6358054276667586,0.7777051264026195,0.5188155680292935,5.348101265822785,0.641621181786623,0.3386168183232456,0.3902371843842432,158
126774,0.0984081486887022,0.02736939729631718,0.6261780130417929,0.7734474368533427,0.5477882464792266,4.988732394366197,0.6148607313967815,0.3482442366665357,0.4056397816582247,355
126845,0.1107392522004057,0.03347053582021332,0.5800588476288727,0.7306440306691416,0.4840665806318766,7.0,0.5976178913678913,0.3316578428746932,0.39611318169010473,56
126846,0.11135648857703948,0.023568165434027743,0.5887723383319244,0.7331011126304439,0.5121077489440645,6.352941176470588,0.5586393734470658,0.32932172770617124,0.3739244089244089,68
126952,0.06503481116864074,0.03981571916087943,0.5954140230275319,0.6989825452981434,0.5159286549463933,7.524752475247524,0.6050384646383573,0.3608908591691278,0.37440463182650685,101
127157,0.09231116565193175,0.030747405388556803,0.6262524612793209,0.6913542505392261,0.4805757769712096,7.490909090909091,0.5689346293119878,0.32303449726889655,0.34740051615051615,55
128034,0.14438431545168484,0.026410008372885884,0.6390748038562023,0.7669944443434573,0.520265332426652,5.416974169741698,0.639731404989919,0.3510915368809458,0.40468993494203576,271
132283,0.08841729855746595,0.02406431629440343,0.655879790637185,0.7329242811107046,0.5279047454025049,5.477987421383648,0.5941711022593376,0.33502807666863244,0.3898203148203148,159
132686,0.06525493825171916,0.0366285519320915,0.6263064739426363,0.6943549169856573,0.4943649212253855,7.055555555555555,0.5431947168058279,0.33938366889802285,0.3992294372294372,54
133430,0.11500603371787388,0.06953003427553074,0.5998729826276663,0.7826116303431042,0.5025491000302917,5.752851711026616,0.6118004555751266,0.3589165932204899,0.4137591658406786,263
134770,0.08052529226677704,0.026804903042297386,0.6524128730837825,0.7322649899184404,0.528762396281199,5.456989247311828,0.5703743482630037,0.35328420574949687,0.4285711651733152,186
134868,0.11080588584507438,0.039294715987781594,0.6422554361961564,0.7522591533645437,0.5071297308454232,5.78740157480315,0.594985821100241,0.31565237731416884,0.37429300718774405,127
136440,0.05908190320182402,0.042255553388254576,0.6327415559531638,0.6832602173035615,0.5088789053789172,7.804878048780488,0.5734898540278287,0.3635630214795493,0.3972277722277722,82
144707,0.03309269332607453,0.03622633692195345,0.6804681593375023,0.6418779585612423,0.4972127557542031,7.809523809523809,0.555465447966904,0.3849153651446352,0.47873291460635486,105
144719,0.060942213211752264,0.038698298619206234,0.6350235698881552,0.6925174722520417,0.47057543765641613,8.346666666666666,0.5656389283300296,0.3640864349757401,0.3591471850738571,75
144750,0.14486593896152103,0.031174720649584695,0.6474675718770351,0.7536410798900941,0.47546934008976977,5.834782608695652,0.585694694042236,0.34616311725081045,0.4475708733267832,115
144817,0.11129151505914285,0.026174479638204663,0.6238978689096375,0.7406211875654363,0.5208765344241029,6.061224489795919,0.584466921966922,0.3183742632361237,0.4619312169312169,49
144869,0.08949984026954619,0.019724085278368577,0.6649648739655106,0.7102817774678212,0.4923527762335707,6.887096774193548,0.5858922558922559,0.3374832250973171,0.37740087977156944,62
144895,0.028059046081373717,0.03501371811363321,0.667757072592057,0.6554036174618806,0.489884937619575,8.179487179487179,0.5590946258367072,0.34706948818140276,0.4376082924631722,78
200000,0.130105892597085,0.05585635574399955,0.6326251592377946,0.7667107885437305,0.4978362789398593,5.262548262548263,0.6098365794973069,0.36131217159975,0.38942519424274363,259
200005,0.09483955109769064,0.030549411746930204,0.6231964529308555,0.7452464635281074,0.5444119103349281,5.7228260869565215,0.6253708339464153,0.3532765014897448,0.41714240474744674,184
200175,0.054791922279813776,0.02676014193094569,0.6033289482167212,0.707084765969506,0.5416491394795588,6.6217616580310885,0.5722669179519025,0.360738493224785,0.4141076929425971,193
200221,0.04673611511703555,0.028934109931970493,0.652742185088395,0.6727285697963892,0.5074260160015079,7.38,0.5785326893312374,0.37708904355916417,0.45074221020716637,150
200282,0.05562153794290914,0.03134479131002272,0.5923383880025627,0.7242268516689699,0.5327729020522737,6.067741935483871,0.5921664305944224,0.39049862143516006,0.45846993310599965,310
200303,0.0456140922072535,0.0344485416653627,0.6549504933479122,0.6903254814626651,0.4648630884867809,7.869565217391305,0.6219146830719721,0.33279320942311985,0.3951571684129824,46
200325,0.06287493838919868,0.03762950553342412,0.6462399062717192,0.7186392325732659,0.5158630303030053,6.179012345679013,0.5495011067127435,0.37907137337710967,0.4118505821849771,162
200384,0.03660511991202664,0.029352655082579466,0.5752999865257915,0.6444716736070926,0.4683876782510676,9.79245283018868,0.5583714629387706,0.3488154184154659,0.3830484857945843,53
200615,0.11647133128467947,0.04303455466814461,0.61345286973399,0.743915557794655,0.5061442192450892,6.617834394904459,0.645981806184012,0.3342516643000412,0.3870587840622087,157
200624,0.09937176755073675,0.026656073097130323,0.6289539335100397,0.7374591521592467,0.5312978314251915,5.897435897435898,0.6155950576503442,0.3788357901129723,0.4444221921442222,156
200670,0.09558297583553484,0.045167332257248054,0.5734138725842491,0.7196915839626115,0.49027984030811506,7.012658227848101,0.5785444555444555,0.34540379892082834,0.40171805736498717,79
202103,0.04634395716927372,0.04181073630034771,0.6241275323144138,0.6919124067710981,0.49814169626248556,7.368421052631579,0.5870660635660636,0.3708066613142996,0.4636372516372516,76
202104,0.024674560246985222,0.021804272895639566,0.7292854671746725,0.6147931240692288,0.45961404275836465,7.731343283582089,0.5297162013071104,0.34441740734408804,0.3193823116732124,67
202195,0.18460947300018815,0.10417471007420263,0.6037586692149771,0.7939765543076203,0.5439226060932725,4.666666666666667,0.6236449997813635,0.3079732923627353,0.39872962005314944,72
202385,0.035861111952161746,0.019112930863104217,0.6423687326763972,0.6786368793080854,0.5207200708807567,6.684931506849315,0.5618617446978792,0.37167292333247276,0.4356220407472258,73
206173,0.08425819397844969,0.02566638929767584,0.6035042947706438,0.7634518139776258,0.5570240838400776,5.364312267657993,0.6632159758814171,0.394010670075934,0.45462188952348176,269
206681,0.0626138583582151,0.032045045735241424,0.6606079285036296,0.7081855011113962,0.47841369908143055,6.787234042553192,0.5357402725732765,0.3738090596249909,0.4068870871321852,47
206909,0.10661055834343461,0.020502354169231896,0.641099484122856,0.747557737381202,0.5436079672451347,4.804347826086956,0.5954693774062195,0.3489438416358365,0.4115746001242184,138
207518,0.053598925218341885,0.025862327422166712,0.6353015889305597,0.7005244688430551,0.5152748821587597,6.453846153846154,0.547546509046509,0.3492182313529367,0.37623033693909413,130
207686,0.06997212612400094,0.032929382382387185,0.5927943249455072,0.6966651066704119,0.49008893687071203,7.224137931034483,0.5654951773372826,0.3407067451725606,0.3831096933369661,58
207733,0.11625433998926346,0.04111507354585374,0.5914268911540975,0.7808486050288579,0.5220714419241401,5.294117647058823,0.647799470100058,0.3816318105023295,0.4747818174889003,102
207830,0.0706260206004209,0.03212190576451334,0.6265818461082091,0.7096368130781807,0.5281310843910043,6.223880597014926,0.6282915868853369,0.3520824597725625,0.45553589589396315,67
207925,0.06696783403204618,0.041584690374560494,0.5608698459832533,0.7058212826594275,0.47499946176578833,8.347826086956522,0.6259735862634414,0.3461536465922924,0.44939430724314444,46
207989,0.06214760398990254,0.0266432741403621,0.6511386739502908,0.7333954601081847,0.5663705308922663,5.596153846153846,0.6351325769542266,0.39785799174920783,0.4297548726635585,156
208014,0.04701512619797575,0.0409119647761878,0.5685023565588114,0.6688176678228815,0.4564273643593061,8.612244897959183,0.5832765024091554,0.35440064929069687,0.3665143991046984,49
208029,0.08185244981072577,0.04419610778232443,0.6239590424477509,0.7351893228421671,0.5434391391121068,5.5131578947368425,0.6355005113933686,0.350186712441499,0.4187626582199905,152
208103,0.08579847457461053,0.03223571398947075,0.6378709013634548,0.7237022178522879,0.5129096825769308,6.625,0.6223177414149637,0.3399081086273957,0.3882245840579174,112
208286,0.08042350529493145,0.039024932339329514,0.5825444694998354,0.7198739096752749,0.5133883635165593,6.864406779661017,0.5774915312861741,0.36061212104350376,0.4233507068328497,59
209950,0.09986018676606552,0.043984411309111786,0.6148703171870147,0.7759080193464591,0.5106715313439215,5.461538461538462,0.6112341210701867,0.34582476066380224,0.3676870703833603,65
209992,0.049539212314876055,0.030532951771975236,0.6157728445676109,0.6909219555599457,0.5167967541852453,7.596153846153846,0.604589556578687,0.3655024586352225,0.3666356519297696,52
210097,0.11859110638737298,0.042163304697657396,0.6686683783766388,0.7689654501440182,0.5601125277794162,5.548387096774194,0.6582092958129557,0.31975968162132057,0.4295249969668575,93
210506,0.06441724320900512,0.03141389576874492,0.6635465987337198,0.7024129435721722,0.508744320817925,6.464285714285714,0.6032567740901074,0.374103618101966,0.46779601571268237,56
