player_id,aces_per_svpt,df_rate,first_serve_in_pct,first_serve_won_pct,second_serve_won_pct,bp_faced_per_match,bp_saved_pct,return_points_won_pct,bp_converted_pct,win_rate,avg_rank,matches_played,rank_band,aces_per_svpt_zscore,df_rate_zscore,first_serve_in_pct_zscore,first_serve_won_pct_zscore,second_serve_won_pct_zscore,bp_faced_per_match_zscore,bp_saved_pct_zscore,return_points_won_pct_zscore,bp_converted_pct_zscore
100644,0.13130791728223662,0.04375925489770666,0.6885430285111763,0.765951188292812,0.512046635026304,5.09009009009009,0.6035727800816649,0.3716915969661898,0.435331776854388,0.6696696696696697,6.6996996996997,333,top,1.050639299257011,0.8422149747621723,1.7134521110922378,0.7161618838290524,-0.4531911784722057,-0.7363724457098895,0.0007970894600897637,0.23097931123393073,0.4412249910018545
103333,0.23113591586281365,0.04815066183176776,0.6535407244491399,0.8223093717401568,0.5424130691631638,4.071428571428571,0.7052767052767053,0.25938638690345,0.24335600907029478,0.35714285714285715,101.47619047619048,42,low,2.8495020445034216,1.075457425505963,1.0835903946150867,2.3306157557291747,1.611019459816362,-2.2862953509628214,2.4627497150600597,-3.2820181339222496,-3.5247966003303075
103819,0.11709708878231474,0.023591354834328823,0.6330146438134506,0.7892114044226728,0.5891762494548634,4.0,0.6533480408480409,0.3891339776073393,0.45122118622118623,0.7570093457943925,3.121495327102804,107,top,0.6947489769340764,-0.9374849078072752,0.026835702397593843,1.3000208653395007,2.2307272520757397,-1.7251517994345735,1.3600134247526974,0.9703684472502879,0.8960606658643167
103852,0.14963557294662422,0.051935592155464116,0.5698891731225244,0.7684997466235015,0.47534291759693353,7.024390243902439,0.6407969667463338,0.3097717522267812,0.3526679448079042,0.36585365853658536,96.35365853658537,82,low,1.1859819746338096,1.4574173220162947,-1.2083389996467848,1.1319778044452418,-0.8382063968418869,0.1283651606354051,1.085493668601487,-1.2073803308085633,-1.079202682284283
104259,0.06393640653680044,0.022429201298570803,0.6200854913241561,0.7150221977522104,0.5434566555641682,6.53030303030303,0.6388126646509499,0.33331416618310455,0.39234478756537583,0.4696969696969697,56.13636363636363,66,high,-0.7021475225820448,-1.1120760792310713,0.2629893190693723,-0.4455939096370589,1.4663946443789626,0.046615499280866966,1.2294150079655606,-0.7703609498686218,-0.27955015625717144
104269,0.09096684639156176,0.045562261324537126,0.6315624862005564,0.7197087079559489,0.4891726162165103,7.0,0.5928158283875162,0.3669544806657423,0.39026853616236556,0.43333333333333335,48.644444444444446,90,high,-0.0886953208704692,0.5325336384217758,0.6732899571536849,-0.32034203119894844,-0.5964260748807834,0.545203717363531,0.04734079789175375,0.8195221084273876,-0.3443627516799142
104291,0.0510339856748223,0.043679176243208426,0.5389347320245244,0.6604467110136494,0.4638010363130178,8.10204081632653,0.5183621450578233,0.3221890679824637,0.40123291342803535,0.3673469387755102,129.77551020408163,49,low,-0.8265950707943036,0.6242131418369296,-2.0564451293041945,-1.274960897555019,-1.2596856005549082,1.0095687017412052,-1.5296549394864996,-0.696092330520727,0.007322691967462202
104312,0.07048076851032568,0.03241479564281195,0.5818899113710255,0.7130330659563241,0.49651048000608317,7.597701149425287,0.5359308327331583,0.36347458383380615,0.442923057334822,0.4942528735632184,72.08045977011494,87,high,-0.553624106646976,-0.40216543720426917,-1.1024962453613407,-0.49875553375920284,-0.3175835708568121,1.1796697034442511,-1.4145485789789987,0.6550578606104197,1.2993091914098156
104468,0.05163087851745368,0.03377203110964893,0.5960052732903584,0.694324012937934,0.49435528472182855,6.695652173913044,0.5448472181061639,0.38206926306947614,0.4351406635291757,0.4956521739130435,62.495652173913044,115,high,-0.9814198280736643,-0.30567484601582784,-0.5978744288785097,-0.9987745100290648,-0.3994820725128636,0.22213533481908437,-1.1854060976103815,1.5338655039366544,1.0563727433407084
104527,0.10759303490881965,0.02250134304377544,0.580991897431057,0.7641656150845942,0.5282652557664528,6.211538461538462,0.6134128274665359,0.3421296678020042,0.3758259473616498,0.5384615384615384,75.9423076923077,156,mid,0.7662439351847596,-0.9143994637712998,-1.173017223803548,1.3422985429120136,1.050613571348235,-0.7467286990837285,0.681250451239393,-0.370005992906064,-0.9145619690651087
104542,0.1393295556093242,0.03042480433819584,0.5982337959109623,0.7880472813369056,0.5304923433969235,5.081967213114754,0.6751100751100751,0.318503945507943,0.3665480848516563,0.5081967213114754,114.26229508196721,61,low,0.9756237593481021,-0.7133645909557563,-0.4317380507362774,1.5674095122620275,1.1757058501851547,-1.45996977543325,1.818405076802862,-0.8478287394101629,-0.7686676447005677
104545,0.24564539541880023,0.024885288584393744,0.6978461598498187,0.7937066182929539,0.5639362642489586,3.463687150837989,0.6930759356084032,0.2878235353476316,0.30237123125321885,0.553072625698324,25.05586592178771,179,top,3.9140615091469417,-0.8233027799800564,1.9960249619577919,1.4128560590161663,1.3524386468133507,-2.2116208327828457,2.444865672509221,-3.324219654738506,-3.3647817706437437
104607,0.08810259838217183,0.025176670521246985,0.5970171259761599,0.7692533376844202,0.5022892109280334,6.186046511627907,0.673354908979909,0.3835124370230951,0.43614499195894546,0.627906976744186,53.74418604651163,43,high,-0.15369904471104698,-0.9167489336872723,-0.5617008654063007,1.0037899284544167,-0.09798889772495459,-0.31881637548789693,2.1171172826498488,1.6020716980320486,1.0877240200193663
104665,0.02021337033954071,0.044515908908865406,0.6374315006166078,0.6420732397515141,0.4594811304295774,8.54,0.5556593416587414,0.3676000046018156,0.43657064553803687,0.3,106.52,50,low,-1.4556809168341922,0.7086528263352786,0.6422213699526959,-1.684239719027488,-1.4174372224161527,1.3676914489362852,-0.7330048490030654,1.1737213580520929,0.7979201884129077
104731,0.18630419904311554,0.033958186805101834,0.6356060697287387,0.7924873949193365,0.528835218810207,4.990566037735849,0.6543406285072951,0.32729159224528287,0.3571476633332304,0.5943396226415094,46.85849056603774,106,high,2.0749730916191877,-0.29244038998646465,0.8178473887485965,1.6247443670237465,0.9107727149154825,-1.587831331268876,1.6284686625347526,-1.0549952768164175,-1.3782692080996508
104745,0.07007120549838938,0.030892272949997412,0.6412495008353079,0.7583901500941336,0.567338086112044,5.353383458646617,0.6380741390862849,0.3987741452312856,0.4531772694083922,0.7819548872180451,22.39097744360902,133,top,-0.48294849225492265,-0.2932213467884033,0.2769608420342878,0.5263708673915641,1.4708135727535354,-0.4975490226111603,0.9429279799234975,1.379018811966373,0.9520537110431395
104755,0.07322189713866115,0.0347516667569448,0.6075885147027985,0.7247064650959347,0.5094280134794202,6.42,0.5724894313573041,0.34555680331641286,0.39543648782779217,0.48,56.36666666666667,150,high,-0.49141456062174477,-0.23602913967635172,-0.1837754949858544,-0.1867717534128549,0.17328917941652755,-0.07047231451402966,-0.4750279488525885,-0.19175870828855782,-0.18303914704804866
104792,0.10576222398689844,0.055279970674140526,0.6178014878404036,0.7381322829506755,0.5077894883985922,5.596059113300493,0.6051928317947226,0.3767782764170644,0.41620161113777604,0.6403940886699507,55.76847290640394,203,high,0.24708378630579272,1.2233994042021972,0.18133657835956735,0.17204724681737468,0.11102440460653142,-0.9450941345568421,0.36541781609931273,1.28380690104573,0.4651682588769141
104871,0.10648913968219817,0.05443006727334065,0.6164368740178496,0.7405155255660086,0.4857098795602198,7.0,0.5951442917074113,0.3290033704919909,0.37773943687809236,0.4731182795698925,79.3225806451613,93,mid,0.7333549213490139,1.2613434339057121,-0.017716344625097562,0.6966211204036523,-0.8106281493986972,0.23110054829189133,0.24970184983511354,-1.1106854273668683,-0.8470190119199943
104898,0.08856873656612563,0.03880493791250413,0.5687373523716925,0.7344974854920774,0.4928808705151279,7.542857142857143,0.5724227113716732,0.3452317126656484,0.4264609593949735,0.44285714285714284,81.28571428571429,70,mid,0.19944158264341308,0.19658857593851217,-1.572444393584526,0.5323209979692597,-0.4969909845034442,0.9043376886452797,-0.2870388252179069,-0.1949664687347433,0.8727686739412249
104918,0.08049913986454839,0.03521863288285511,0.5830986168603542,0.7308883332988377,0.49558369715234984,6.920863309352518,0.5847543538333012,0.36757738248987637,0.38988047645919277,0.5035971223021583,139.22302158273382,139,low,-0.2251758177880024,-0.22959075677374977,-0.8464196819000983,0.2941636157265373,-0.09906626537682162,0.043710353539624304,-0.11154945305223138,1.1727898834400865,-0.2466610163866301
104925,0.09482103442708868,0.03339165137749657,0.6460985899777596,0.7833703261316758,0.5765708519342815,3.9844357976653697,0.5856126689847619,0.4082526190209145,0.4571105641952796,0.8404669260700389,2.77431906614786,257,top,0.13687635433447257,-0.07266573713452149,0.42424683566444515,1.1534028802414962,1.7920908219505831,-1.7392694967382927,-0.4896408512100489,1.7808149136713005,1.0646446039787298
104926,0.054698247061941006,0.05577470815007344,0.5863806324688248,0.69215937097508,0.4808872824478196,8.129496402877697,0.5564491516754582,0.36695629065783325,0.4361079418319237,0.48201438848920863,34.02158273381295,139,top,-0.8679427333039063,1.9025088415037121,-1.3896234502548261,-1.1361001528777328,-1.5374590214911374,2.0205576805115886,-1.2860109457324185,0.030247879433356318,0.46344277853647003
105023,0.1860645834167801,0.049357524113598596,0.5897781824940541,0.8044125984157707,0.493294996114884,4.771739130434782,0.5330357142857143,0.32744100643227997,0.35385333620627735,0.41304347826086957,50.0,92,high,2.069535047165239,0.802352073895965,-0.8204918783631551,1.9434578817182446,-0.43977357132327183,-1.8201183691226,-1.488950323312731,-1.047933776701775,-1.4811054498764462
105051,0.08594917394747241,0.06614086290628804,0.5951008961798153,0.712943681066089,0.4808383116864362,6.685185185185185,0.5854127128266973,0.33875587093256304,0.45576406926406926,0.4074074074074074,111.9074074074074,54,low,-0.1139340640233493,2.890955929561144,-0.5175748926025466,-0.10556303433159624,-0.637529031691669,-0.14900554425855053,-0.09748722319427361,-0.01394751611970628,1.227327279359842
105062,0.03417316016311856,0.016422828424133847,0.6406131904127966,0.6589382055565185,0.5346945215990879,7.207207207207207,0.5452193382748939,0.35902034522113335,0.42222265418020133,0.44144144144144143,91.64864864864865,111,mid,-1.4211985123384512,-1.328612224576343,0.7702914995326022,-1.5305431225677821,1.331809952822607,0.48807347289335085,-0.9296506780879634,0.5830866502810473,0.7231636382044804
105077,0.04228454130591941,0.03336505275694935,0.611000020302486,0.6799120395929714,0.4968773975462389,7.65,0.5559309454717618,0.33588295561485426,0.3654064077000093,0.29,51.09,100,high,-1.1935336956674463,-0.3346083529955694,-0.06181474311184035,-1.3839495453926036,-0.30364052031767247,1.2351854772263149,-0.9005650229911212,-0.6489567697746296,-1.120462924829796
105138,0.04576564109370195,0.02245665226379557,0.6652183862928001,0.7147039998485982,0.5492410325597843,6.152892561983471,0.5977613374642042,0.3868658879021096,0.43237512502136044,0.5867768595041323,23.144628099173552,242,top,-1.0916473552573582,-1.0376158101413409,1.0049905826938346,-0.5702032592661012,0.8410811939859566,0.2276553450655356,-0.15789635816126593,0.8742232637424197,0.3565905844758044
105173,0.07129727046465868,0.028808869696162906,0.604934218535615,0.7141105862435703,0.5224185818548507,6.262773722627737,0.5399021580642088,0.36403984736359696,0.43047661417909455,0.4744525547445255,42.53284671532847,274,top,-0.4522434101383636,-0.47706956670927625,-0.8260777452838975,-0.5850986437763628,-0.0922732682759348,0.3273243760897299,-1.7378607938317685,-0.09338125880932105,0.302245552496198
105223,0.1214637243545292,0.02333158997856007,0.6555897916230862,0.771716517005603,0.5469782928764313,3.462962962962963,0.6056966490299823,0.3916283810130138,0.46450816811393736,0.7962962962962963,6.574074074074074,54,top,0.8041052569898621,-0.960407645516929,0.7125321247175779,0.8608784647726724,0.7623434901263269,-2.2122777161226295,0.058793719193947824,1.076107154422336,1.276401636165124
105227,0.12855564475653675,0.04161157894360108,0.5902612613505976,0.7807293691415552,0.5037306008309567,6.225274725274725,0.5978495639090559,0.3607064613043633,0.40478048225792584,0.532967032967033,72.4010989010989,182,high,0.7643774090068667,0.2516658834531637,-0.8032218904247256,1.3104988514125693,-0.04321535854082098,-0.2771752187366588,0.17670293284960345,0.5242329506613729,0.10864447553954841
105311,0.05486469055419315,0.029161336605978028,0.6060674282897824,0.702546769573683,0.48968237433175493,6.744897959183674,0.49248801422176036,0.3468759486405962,0.36152461203012676,0.41836734693877553,71.91836734693878,98,high,-0.9080288982730979,-0.6334651589858468,-0.23815407862756974,-0.779012753456886,-0.5770550108521305,0.2744102480296289,-2.530987002724777,-0.12941426131759132,-1.241637678475277
105332,0.11615616175891905,0.08250884611514532,0.5224829519708407,0.7619135782814598,0.416566792107289,8.02127659574468,0.5548786786200608,0.3554595502377407,0.39670751075549837,0.40425531914893614,47.156028368794324,141,high,0.48297280790364167,3.1591948891389046,-3.226285060381678,0.8076271948768328,-3.3554838036585246,1.629299444807511,-0.9276072634701726,0.276257414715817,-0.14336269232439852
105357,0.052529661248070084,0.020306450774367314,0.6158984659728052,0.6839956612938373,0.5303848384791651,7.394366197183099,0.5565182681157361,0.3690290758897926,0.43895220103588956,0.4647887323943662,63.556338028169016,142,high,-0.9610220747289345,-1.262989799090833,0.11330386640205227,-1.2748104916770973,0.9696590394873666,0.9638275369985896,-0.8854713990197195,0.9175700562621708,1.1753543069428276
105376,0.08287374092243124,0.057263874578797044,0.5317271392799744,0.7278355390993384,0.4780948008224199,7.207920792079208,0.5395047213024404,0.3435611584738972,0.4066961290870209,0.39603960396039606,85.62376237623762,101,mid,0.02976715521317178,1.4544496812427967,-2.7787629143132433,0.3504414168212797,-1.1436883527647332,0.48895844206976574,-1.0646442536289966,-0.2892310663405371,0.17510345288874
105379,0.12464460410642099,0.041260294151153454,0.5731878013556043,0.7683592542870553,0.4788467323404848,6.461538461538462,0.6092633900975271,0.33207023043039025,0.3815928326364759,0.4461538461538462,67.86153846153846,65,high,0.675616866792665,0.22669182543081173,-1.4135952159942413,0.9798946161363203,-0.9888148407152214,-0.02637880559972139,0.4700272279899329,-0.829150899049088,-0.6151848986587923
105430,0.04086223781532827,0.03814979042374084,0.6331000701016183,0.6672235382339524,0.5006906969430724,7.404411764705882,0.5679450232849986,0.36253142553491363,0.41463116856503707,0.4338235294117647,84.93382352941177,136,mid,-1.2219068022680908,0.15194437138593078,0.5254073061512451,-1.3043430380570757,-0.15541311408261332,0.7326413746000464,-0.392813040338781,0.7812068756376224,0.4551969819114942
105449,0.10573038470363058,0.04006541914195777,0.5681166040195605,0.7480207699124872,0.530442111676387,5.80188679245283,0.640814567785156,0.32363091132857663,0.38693940652703535,0.4339622641509434,73.63207547169812,106,mid,0.7107488783240564,0.2824824896107493,-1.5926771934344741,0.9015238046459891,1.145822576668476,-1.2547679168872607,1.328548235060816,-1.4138379402835073,-0.5222755783159425
105453,0.04054536124918669,0.02762415685817083,0.6297543487400133,0.6930594846962179,0.5534200401515534,6.553571428571429,0.5605189525155588,0.3732806564346595,0.44389461402377867,0.6071428571428571,69.66071428571429,112,high,-1.233004153444241,-0.7427486151384345,0.6086493468027578,-1.0325703475984862,1.8450082554476492,0.071315146029202,-0.7826576788631757,1.1185050351177783,1.3296374601928305
105526,0.12612067334923013,0.04547053771291695,0.5737708352165954,0.7618147449156747,0.4797034812354253,6.104972375690608,0.6041148771863057,0.3489206193675475,0.35424870701562433,0.43646408839779005,45.13812154696133,181,top,0.9207320306346704,0.9932257302549172,-1.7726328079319225,0.612332254569909,-1.5786523545006388,0.18418876256581954,0.015600170922605405,-0.7342910723963623,-1.8797846789419428
105539,0.055667878509687935,0.03068642621939276,0.5993124799363324,0.6875236092475695,0.4780692344589923,6.958333333333333,0.5870680737702014,0.3334091403547675,0.4258822870183589,0.3125,97.875,48,low,-0.7320117419811836,-0.6869627663194645,-0.402183695967486,-0.6718086221792172,-0.7386484624095492,0.07434989353721441,-0.062129513617976174,-0.2341013109483425,0.558793651925946
105550,0.06864123349049411,0.027906346630272756,0.6508654181640177,0.6776729099297691,0.5259104502725813,7.571428571428571,0.5884512313083742,0.35906981092351986,0.40187420026992215,0.4142857142857143,95.32857142857142,70,low,-0.4672099557321716,-0.967517181153113,1.0102909397181359,-0.8912381763417789,1.0083871420784343,0.5756828011320674,-0.032585937200464876,0.822487182030768,0.021669955966206956
105554,0.05864838605183286,0.032791134039125966,0.6055622307443088,0.7247530272296064,0.5161015850836107,6.924242424242424,0.5806527822808614,0.37086849141125666,0.4236381116397879,0.4898989898989899,40.207070707070706,198,top,-0.7690170275760008,-0.12565789959172094,-0.8070025335375183,-0.31796076680216007,-0.31208901849917264,0.9273175337539943,-0.6250808052222298,0.19608755433255315,0.10649284415364929
105575,0.0440503069421872,0.0403946599507601,0.5885137841135915,0.7021099797366653,0.5019956694968927,7.184782608695652,0.5937610849295631,0.35614821088000076,0.43135524885830884,0.44565217391304346,95.6195652173913,92,low,-0.9691403573240408,0.29275301024727685,-0.6980520687989435,-0.34688947989166735,0.13508213136452463,0.25951928743569364,0.08082996944357093,0.702189118159102,0.6812381233293967
105577,0.12297586359832961,0.042247719407865286,0.6020837000682543,0.7699578910618611,0.49597625231602355,5.857142857142857,0.6356294867922775,0.3277966826426613,0.3883751542575072,0.4835164835164835,118.7032967032967,91,low,0.6418252266875503,0.47975629377725143,-0.3262563428270407,1.164458745512612,-0.08473118137026578,-0.8261024162205313,0.9751187946660838,-0.4651965280454521,-0.2803390113494008
105583,0.04540287580924417,0.01820475267676883,0.6875545152318296,0.6707739147586429,0.496818926781466,7.243055555555555,0.5530203429299154,0.33845274428878014,0.40345688580879413,0.4027777777777778,44.30555555555556,144,top,-1.1007323043870985,-1.4128212193286565,1.6834270576671388,-1.67290043951118,-0.9830774888878114,1.2165008267721782,-1.3796416527499111,-1.178028270296824,-0.4711964367060976
105657,0.156001115026787,0.038680055254554785,0.5829184954383685,0.7769768029568654,0.5237306059025795,5.649122807017544,0.5398533655886597,0.3365146805933669,0.41098901098901097,0.43859649122807015,99.35087719298245,57,low,1.3159103482707124,0.11972202253833326,-0.851354743773291,1.3208087322637072,0.9287849484077167,-0.9962020844080541,-1.0706128574853873,-0.10622943512201638,0.22559211239248758
105676,0.07484848420119747,0.038185994086542094,0.594861881631901,0.7083424001513731,0.48787417548970785,6.908571428571428,0.5489524829498091,0.38822375669388326,0.4480957656190321,0.5028571428571429,38.27428571428572,175,top,-0.3633082293822684,0.35040712268095564,-1.1320144079147563,-0.7298869483282492,-1.2943325499493896,0.9131029682674768,-1.4907229740632195,0.9317838372345799,0.8065952391770141
105683,0.2296392281690823,0.05171219537183039,0.6222588595741745,0.829020288070062,0.5566218720268691,3.7777777777777777,0.6369203712953713,0.3450872765400813,0.38547341774800786,0.5952380952380952,57.182539682539684,126,high,3.0584557567700066,0.9697538455949557,0.3406868687657961,2.6011240809219482,1.9666794724638965,-2.8752186819562504,1.1807848986964644,-0.21394912709368374,-0.49404793399613905
105732,0.10109499509276265,0.04315312090058474,0.5942043207856651,0.7469967126994782,0.5206014349476112,6.37037037037037,0.5915199141118916,0.34580761553913736,0.4213411167956623,0.49074074074074076,87.39814814814815,108,mid,0.572643930164712,0.49289005626374793,-0.7423687712568366,0.873565744644688,0.7154215387545353,-0.5497495462700313,0.16408496718340376,-0.16246991585575582,0.6920468532552562
105777,0.09095157027215618,0.04514321406637788,0.6250710867904637,0.7619086647206417,0.5113068962211798,5.984496124031008,0.6117565540632259,0.36969329034727844,0.4168797610083756,0.6085271317829457,20.910852713178294,258,top,0.0399710370038511,0.9643413221867915,-0.21444150548992438,0.6146897529424751,-0.4789322459930787,0.07490932654663093,0.2242719464234604,0.1462703351571838,-0.08696550910765648
105807,0.060242862920804746,0.023409475897005715,0.6679397618562251,0.7088991464406034,0.5439433826166097,6.432584269662922,0.6306068173892412,0.37358923343936246,0.4420622300770046,0.5898876404494382,73.53370786516854,178,mid,-0.6444881923604853,-0.8525158886131878,1.6609794066389987,-0.16654610637138167,1.736326785473239,-0.47259350586222676,1.087415586833068,1.405167365912017,1.4234672526535037
105815,0.11163273778309576,0.032767480612972695,0.601646463306799,0.741842922401802,0.48493700095920406,7.0519480519480515,0.637404281154281,0.3338901710061195,0.37181049121375287,0.37662337662337664,79.32467532467533,77,mid,0.8866012304427511,-0.21482638524306202,-0.49979804260692423,0.7328607366176759,-0.8444314904927039,0.2955251550242725,1.2479887175742148,-0.8349372437289442,-1.0563008080736018
105870,0.0701888104291152,0.022474958782658577,0.6476149331261767,0.6732107875167288,0.49528510497622824,8.136363636363637,0.6063828532578532,0.32843235024617184,0.33261675824175824,0.36363636363636365,75.04545454545455,44,mid,-0.3481626015600203,-0.9161973861788076,0.9985077459939812,-1.1408835432513542,-0.39183713828266914,1.640388820562741,0.5151848410741181,-1.1429064675238891,-2.4397735701330094
105882,0.09902047455790193,0.039894477804502206,0.5553489883596298,0.7403483985611261,0.4865909117779346,6.979591836734694,0.5495710135906214,0.35528734794611666,0.4013914615477115,0.3673469387755102,98.42857142857143,49,low,0.15286691038615913,0.24227664622417291,-1.6067186629952845,0.5048915890290664,-0.42745917858868987,0.09173314276033732,-0.8630485935305354,0.6667427385511665,0.010869828102059
105902,0.09101566276656393,0.02824670723711224,0.5687149679169441,0.7243322170417631,0.5258114670938542,6.782608695652174,0.5980911048608817,0.32617909989072963,0.4265180532654581,0.3804347826086957,123.15217391304348,92,low,-0.01052093062100454,-0.933169362026646,-1.2405104941724168,0.1481226473733333,1.004772536250783,-0.06934155612800498,0.17331710210906123,-0.5318011523304365,0.5730174057796602
105916,0.052629717620530696,0.03810097255736544,0.5918830750309836,0.697477432415215,0.5094230380918265,7.478494623655914,0.5778169029303764,0.37450965290367744,0.4231390711877823,0.45698924731182794,54.18279569892473,186,high,-0.9587513087957482,0.0020846619815308425,-0.7452423239020882,-0.9144960819744973,0.1731001121927549,1.0531307366173583,-0.3381170814319884,1.1765889351896899,0.6817291198740901
105932,0.06389839697363647,0.05719256017204498,0.5701690064743251,0.6870383275369084,0.48381604799547057,7.589403973509934,0.5542231923898946,0.3579937904693953,0.41632963702510273,0.4503311258278146,36.66225165562914,151,top,-0.6375378475148322,2.0276260361087006,-1.8820345758942083,-1.2646444101360808,-1.4355452768117174,1.5306603333870805,-1.3467953630523994,-0.34967590546799576,-0.10271285423634197
105936,0.06020894665609793,0.023266513124411838,0.6419005384986711,0.6911954455181585,0.5058572910628,7.082278481012659,0.5962476569437931,0.36599921548185105,0.4223085300387932,0.46835443037974683,46.778481012658226,158,high,-0.7867417238934133,-1.0525486685064154,1.0428735894673589,-1.0823887408984587,0.03759993682800031,0.6325431806373015,0.13553547298932536,0.7743750889834221,0.6558028147102133
105967,0.08058120455932051,0.03936728466705424,0.5732599654409442,0.7197192822988415,0.47675625858144866,7.634146341463414,0.5502596504802387,0.34082730013931706,0.3257032319532319,0.34146341463414637,118.3170731707317,41,low,-0.22350077861765763,0.18907444195639989,-1.1159842510017317,0.04536707831528834,-0.7865948945161315,0.6269676261571624,-0.8483396424451785,0.07134441956892341,-1.6824738375727288
105992,0.11265675603900126,0.038138313617778065,0.6036794626387831,0.7454922788754241,0.5444622233254431,6.326086956521739,0.6785204694295603,0.3311448895977641,0.42346373536704013,0.4782608695652174,85.41304347826087,46,mid,0.9171104216905543,0.1511622988270029,-0.4335340429719072,0.8324927942405778,1.7590192878029751,-0.6046686705678643,2.2192561349100246,-0.989845625959879,0.7669717138150046
106000,0.029114261855442157,0.03973836514497091,0.6266153110241687,0.6368114665506036,0.47321865917500017,8.03370786516854,0.5094343311584903,0.36451780875471923,0.39167038843509433,0.3258426966292135,75.30337078651685,89,mid,-1.571921309595234,0.2601958048692984,0.314041730973251,-2.1346311450941666,-1.356955842786828,1.513077835067711,-1.7749822348118154,0.8932928024698367,-0.355279885094472
106005,0.05928617075056231,0.03755225354034355,0.606936734943268,0.6636056182937328,0.45094369401934153,8.608695652173912,0.5547603939270606,0.36088861345692175,0.4305500658761528,0.34782608695652173,87.8913043478261,46,mid,-0.6729914970807638,0.11122596933503208,-0.32736583750334336,-1.4031168384694106,-2.3311945447307587,2.226162554602275,-0.7042670306570852,0.6885076862078521,1.0171072456693726
106043,0.02679080901360766,0.03830315795730499,0.634944973435064,0.6714668200335905,0.5029851823985101,7.72316384180791,0.5640858292647354,0.3869380798167619,0.4234483924433803,0.4971751412429379,26.593220338983052,177,top,-1.5668454835751717,0.36074615284189665,0.08546743879196628,-1.655507696216987,-0.7685071552919722,1.6519888339691207,-1.0774756861096226,0.8772835064065571,0.10106211625556141
106045,0.07592820044503237,0.041076174949410064,0.5883296128135009,0.6944290882013668,0.48094094869410703,7.2784810126582276,0.5154092054305638,0.3272988394904318,0.4036788806431663,0.35443037974683544,96.21518987341773,79,low,-0.3184741916407656,0.3615287540766531,-0.7030980913718995,-0.5179854143819196,-0.6337809976233519,0.3361372260148512,-1.5927283025175027,-0.4856954212659077,0.062045376226050115
106058,0.08010299866973702,0.04829375061282532,0.6125661667398278,0.7230961893685453,0.4956278615057352,7.229508196721311,0.633501432653975,0.34841999145643615,0.45278607987586317,0.36065573770491804,117.91803278688525,61,low,-0.23326153625851856,1.0898973679435715,-0.03905218333519403,0.12058947510639796,-0.09745349913538649,0.2960917605125601,0.9296645869417793,0.3839765565552207,1.160701867535791
106065,0.07119903750634597,0.040304099437530765,0.6292570857920534,0.6878894463283765,0.5030433146261866,6.811320754716981,0.5680457906873001,0.2941049643329467,0.31148289618877856,0.18867924528301888,53.83018867924528,53,high,-0.5373230882618759,0.1587126166176679,0.5908722799798755,-1.1707450210799795,-0.06933257900375113,0.3449187362712858,-0.5892252167856142,-2.623436544124676,-2.8037478730224255
106078,0.09442788477442811,0.04277226112329115,0.6471474998422547,0.7179629653565341,0.4856571771007827,6.488888888888889,0.5798005315246695,0.34764319764206086,0.39101987733470184,0.4444444444444444,123.46666666666667,90,low,0.059126626552712384,0.5326909272327356,0.9084254494555299,0.006244186509804024,-0.46155671767477063,-0.30951860464059183,-0.21736070296030552,0.35199175695743745,-0.22116963859189423
106121,0.0541589859521543,0.032861259047695025,0.6035364311723108,0.6789718304001036,0.48803373752303236,7.256198347107438,0.5524069522407118,0.34943277624580615,0.4356910367959301,0.38016528925619836,95.63636363636364,121,low,-0.7628100547602515,-0.4674874124867032,-0.28645364859671524,-0.8623040336476588,-0.37477097021247885,0.31791651116433794,-0.8024743148153267,0.4256783800303913,0.778241040153013
106148,0.03960914836301065,0.03902212008245264,0.6048412664385804,0.6717904198845915,0.5008976965053625,7.185185185185185,0.5358992284645879,0.35480855078716755,0.4460860136418896,0.35802469135802467,77.8395061728395,81,mid,-1.2592408493232947,0.21138818272424145,-0.3956659702408687,-1.1796613800545506,-0.14635958769282106,0.4607623408101037,-1.1498150309733846,0.34542713017897,1.5655000354562634
106210,0.13676070528507944,0.05627095290706591,0.6444686794525557,0.7586162381356878,0.49735529806715295,6.042857142857143,0.6498321123321124,0.3169450720813678,0.39434440786899805,0.44285714285714284,108.32857142857142,70,low,0.9231904330826326,1.894924436387582,0.8350297132649714,0.9118174086118288,-0.03437205093285302,-0.674242351007333,1.2784800108582213,-0.912015983469792,-0.14679119491901557
106214,0.1146671705720731,0.05054369791052371,0.5600644742754443,0.7492581412063485,0.4895055845964967,6.416666666666667,0.5485604069843201,0.3474312477431214,0.3865459184309452,0.3125,92.16666666666667,48,mid,0.9770079099659126,0.9965116643021937,-1.8551299714708065,0.9353056094496588,-0.644615645151749,-0.49233409814047757,-0.8507262613881564,-0.07085299188879232,-0.5361650453775336
106218,0.06629078349701933,0.02038307175118134,0.6108731799012121,0.7194074485563344,0.51205850685498,6.166666666666667,0.5936628158362306,0.3544969934967892,0.4185461270201108,0.47530864197530864,76.22222222222223,162,mid,-0.46429886033720447,-1.058746406263511,-0.19906053845442367,0.12034386162186284,0.3417800485162846,-0.8023775180400644,0.2147056767070667,0.32784684289844795,0.5933884216260725
106233,0.08515177351336538,0.03280539282264074,0.6219317597680626,0.7441043788121188,0.5354522363525663,6.243589743589744,0.6325105688753779,0.35636019244180184,0.4087644309583085,0.6346153846153846,36.02564102564103,156,top,-0.10527676032935276,-0.12439964487669923,-0.3097952691022335,0.16778108369215208,0.3612654377448798,0.3099233167025304,0.7910032004892861,-0.41892474592563284,-0.31926751196036945
106234,0.07515339634620159,0.05513460624033599,0.5909516577049397,0.7308467848253136,0.5065108663806723,6.640350877192983,0.5850992102934124,0.35916204116923406,0.42964898457840206,0.5087719298245614,50.06140350877193,114,high,-0.4475794455501291,1.2130649408770817,-0.7785403367803896,-0.022665297461517454,0.062436126682432,0.16343243322892795,-0.15096882466114572,0.451241736236178,0.8849436160625588
106296,0.06771184878176212,0.02568777969778723,0.6252971725712132,0.7028644038369363,0.5107230955626838,6.483870967741935,0.5620986828613947,0.3352921691177475,0.38960330353252315,0.3548387096774194,88.75806451612904,62,mid,-0.4219602083670847,-0.6972637314126547,0.27107805430529075,-0.33130222903954654,0.283373251698584,-0.40898909279112716,-0.5309182539369429,-0.7558264980319391,-0.4282445006776535
106298,0.08780102549335267,0.04628408990838538,0.5649737194159561,0.7300398402005508,0.49653428206849454,6.9625,0.6064537979011664,0.3333868417722802,0.4004712920708086,0.475,53.1125,80,high,-0.1605432009148183,0.5838509437045145,-1.7072472649329924,-0.04423173509915569,-0.31667908054818134,0.5053970773714477,0.39782342559966266,-0.7669262112296108,-0.025871893620926085
106329,0.0871721463058147,0.02467612252273334,0.6604178323167685,0.7366021548247284,0.5295934027887684,6.552238805970149,0.675216600895334,0.3139210129344081,0.38338839809428044,0.34328358208955223,89.55223880597015,67,mid,0.15783212978364106,-0.7662018417386954,1.4158080834537965,0.5897811386114563,1.1087026512623641,-0.32420109928945817,2.141210479583934,-1.9617397500176437,-0.6476201952237018
106331,0.10156412118503336,0.022507483152632266,0.6123807261889384,0.7443651222314125,0.49747451210545146,7.130952380952381,0.637676254001645,0.3372954861806292,0.3521539428708546,0.4166666666666667,92.83333333333333,84,mid,0.5866208857374089,-0.9139810537483953,-0.14992326374505732,0.8017199890849491,-0.2960791811008884,0.39350424442977067,1.254413397879598,-0.6427850428419076,-1.750143858133035
106378,0.09383971739304213,0.030985074438994377,0.6027809846175977,0.7353133985575134,0.5080788170927327,5.760869565217392,0.5868152185116471,0.35561263816377503,0.4039924822062958,0.4782608695652174,93.54347826086956,92,mid,0.3564830818398314,-0.33628622015303306,-0.4628192209506924,0.5545964589000795,0.167720616278457,-1.3056364025147562,0.052948265638818784,0.39079948228228323,0.07966927160310597
106401,0.2066829495329045,0.04077605086811321,0.6687647028245713,0.7923247242134642,0.5265441883844291,4.293103448275862,0.6830937950937951,0.32876270623924775,0.404385050014135,0.6896551724137931,45.73275862068966,116,high,2.53746609666327,0.19226528574681936,2.003262949506509,1.620396822562816,0.8237124097587124,-2.3281951234443468,2.367397237648025,-0.98546860170064,0.09630059945750681
106415,0.026999164894344223,0.018592951730999317,0.6554656478808002,0.6459245756566532,0.5534578451560854,6.927777777777778,0.5283523904762776,0.3621627997000107,0.4435345672528428,0.5055555555555555,75.56666666666666,180,mid,-1.6349376643541866,-1.1807318915555898,1.2543955623108176,-1.8858317147999397,2.152460214611208,0.1415324492097888,-1.3280902590388486,0.760406373525327,1.4754382751839437
106421,0.11642506667650282,0.0484542148551505,0.6237003732713563,0.7680436689054404,0.5281150088318916,5.157517899761337,0.6250808755571023,0.39598819499829363,0.44536884926236214,0.7326968973747017,10.486873508353222,419,top,0.6779191232878335,1.2565178847663587,-0.2560754900823285,0.7686856261923577,0.10594819912309617,-0.6752112383235381,0.5881200740338991,1.2609213241213442,0.7285370299165032
106423,0.13939652077596085,0.03176544803745646,0.6322796835763088,0.7706041441335901,0.5090666936575631,5.5625,0.639466931320864,0.33350527247751666,0.33958460018242625,0.4791666666666667,116.59375,96,low,0.9769905989796456,-0.5780722381690008,0.5010691651069309,1.178854375592341,0.3932973702292748,-1.0670342504530088,1.057084754832868,-0.23014303189907573,-1.3719113222682366
106426,0.05883877187025731,0.039266901506025485,0.6163100064938148,0.701347916647738,0.49228711019504073,7.337349397590361,0.555278908648231,0.3407318934055714,0.42532039516378706,0.3855421686746988,52.024096385542165,83,high,-0.8178376566129676,0.08497460723333614,0.1280163708674004,-0.811053349639917,-0.4780737417433,0.9033036112682191,-0.9173217387943534,-0.41978994530361174,0.7498216775179991
106432,0.0881060332163609,0.027136673971077004,0.634762690227726,0.7351788836014321,0.54228460690704,5.92,0.6021543826058626,0.3583710508458209,0.4259946044584598,0.56,36.69714285714286,175,top,-0.03129145835132145,-0.624631113832,0.07993077767352692,-0.05625942023497388,0.5990149116835805,0.01640733995224175,-0.03793518415063185,-0.3336836949138664,0.1739476485926879
109739,0.09582198330869486,0.022840905156470005,0.6281954590573698,0.7068817070894513,0.539864366845289,5.982142857142857,0.574292322903434,0.3121496917876218,0.40926207362377576,0.375,96.32142857142857,56,low,0.08758185518301889,-1.4787010962174527,0.3891674241437246,-0.2405967211922848,1.517947542248091,-0.723888910788571,-0.33501337652346674,-1.1094677072762889,0.18695600656591602
111153,0.12484310509289055,0.036189376119733885,0.6780405151598787,0.7303238840313231,0.5402725266522693,6.231884057971015,0.6187938926744897,0.30635569471260987,0.35816930465367963,0.36231884057971014,95.95652173913044,69,low,0.6799378724796017,-0.13162726614488815,1.7548486031324986,0.2815902087914265,1.5328524668615024,-0.5196735220891053,0.6155186423868677,-1.348037881091894,-0.9561228732128747
111190,0.10137338621565531,0.026150523388846846,0.6421301067820847,0.7319794319121037,0.5084495171921531,5.5396825396825395,0.504963952689198,0.3269452416393351,0.34355306470520974,0.3968253968253968,83.44444444444444,63,mid,0.5809382041789115,-0.6657306425228858,0.8197341846134468,0.46357494337282007,0.18393390241139126,-1.5799467298517271,-1.8805837784498893,-1.2268197551692481,-2.0537403713935474
111200,0.07199502081739703,0.04664363253478405,0.5898639248258875,0.7090076592322611,0.490483003524346,7.166666666666667,0.49390666700449304,0.35726726063942066,0.4142774926598456,0.4166666666666667,154.27083333333334,48,low,-0.3987551207124638,0.9233741095436802,-0.6610602003180024,-0.19324000916426465,-0.285330205875938,0.24470573592381542,-2.052012129289918,0.7482664447708982,0.2991640487005552
111202,0.05237085617270546,0.03316703563540237,0.6295167073964942,0.7070600222698686,0.5232881474410052,6.6461538461538465,0.5629883298177016,0.37734329341470063,0.4294626056789618,0.5692307692307692,51.90769230769231,65,high,-0.9646261345832636,-0.34868607907211374,0.6001537087083644,-0.6583913628084286,0.699981220967901,0.16959234513053686,-0.7191970702446397,1.3105103063499444,0.8791255825685197
111442,0.0899904121627943,0.021784264226366923,0.6230968678545902,0.7242078050327944,0.5184352301632439,6.573099415204679,0.6217822184332965,0.352035706774263,0.40913578174005183,0.5029239766081871,65.21637426900585,171,high,-0.11085536453540544,-1.15792689944381,0.37064552396059025,-0.2000989642574135,0.5155679306210496,0.09204430692733528,0.7917490097077432,0.11444231873476814,0.24460019981775938
111456,0.0663836985546707,0.03193535524842998,0.6371112179578854,0.6967566429864304,0.5056318428889456,6.724324324324324,0.574256341661041,0.36612427280828996,0.44389428955156857,0.4648648648648649,81.86486486486487,185,mid,-0.46153058619039283,-0.2715305253415958,0.6561474868793337,-0.4980518424037153,0.060697464712167484,-0.11078516878657235,-0.24372388212106014,0.9839409767857341,1.488135866468451
111460,0.15941182903101947,0.05016958917470867,0.6061858941740818,0.7810704017865233,0.4545900176985728,6.773584905660377,0.6215041102688161,0.3320384195377492,0.39593941397574617,0.3018867924528302,96.75471698113208,53,low,1.385527125275696,1.2791994268166993,-0.21386226162938182,1.411995818290082,-1.5960478187673073,-0.0767203817867518,0.6734075801226546,-0.29054129518289534,-0.11110673642335105
111513,0.08533179885250455,0.042496636759425006,0.612368263107747,0.696694232804843,0.4765113566397565,7.795081967213115,0.5658321722027366,0.3418258211588577,0.41256536657431797,0.3524590163934426,55.60655737704918,122,high,-0.21658196785653847,0.3145877227150158,-0.012900292761496731,-0.9354279093100774,-1.0775602885597524,1.3891914942448675,-0.6461130711275731,-0.3680895605510472,0.3516586677898899
111575,0.10358114253646816,0.02871722811039838,0.6415612129416719,0.7497280570303205,0.5276512093766207,5.57679180887372,0.616916919175691,0.3675961753607146,0.44455221061505273,0.5938566552901023,20.931740614334473,293,top,0.3562610086949101,-0.4851564036586404,0.2864287701262769,0.30894206940657903,0.08980913353457888,-0.29490378607296114,0.36518637758752054,0.05737283487076615,0.7051606801923983
111581,0.07302281120055037,0.04977305767843083,0.6558012920408827,0.69262480770836,0.47089188145296557,8.203703703703704,0.579333343671579,0.35577143139203904,0.4301061683414624,0.46296296296296297,130.07407407407408,54,low,-0.3777766822321155,1.2391830681711702,1.1455266196947826,-0.558176719729072,-1.0007465515627496,1.0926992624704492,-0.22733960967063357,0.6866750702972472,0.6532929250805803
111797,0.12536449104207661,0.030445050944137218,0.6351392682599563,0.7555570489835577,0.5010960801604906,6.101123595505618,0.6187049563555588,0.3158681896761151,0.4146205412028197,0.4044943820224719,47.640449438202246,89,high,0.6919546041004636,-0.5422014406166767,0.8011593146871578,0.6377423124596314,-0.14332846525991452,-0.4089629341321077,0.7126663502200585,-1.5948794750509072,0.41581332725311604
111815,0.06489002313041109,0.03700603105287825,0.6553283537567904,0.7084034964308565,0.506965958961678,6.670781893004115,0.6017134547974198,0.3768784988233545,0.44504882394326784,0.5432098765432098,38.03292181069959,243,top,-0.6127039574597724,0.2462822477138734,0.7045912239053387,-0.7283533593317348,-0.6299860481279325,0.6974131042477889,-0.04997562895579774,0.45085404976147475,0.7193762783351708
122298,0.08144911183442771,0.047832526956376846,0.635387498429441,0.7214278407463851,0.47274151062731434,7.120300751879699,0.6010953871753153,0.3635123294737788,0.3921017090106649,0.49624060150375937,55.64661654135338,133,high,-0.30469902820014355,0.693934720491588,0.8100335015303346,-0.2743964124067557,-1.2208163276522077,0.6729042165862555,0.26011745187279495,0.6568417664519673,-0.28713813524641335
122330,0.14965821832777837,0.08529041930130303,0.5929561790651815,0.7644423630886737,0.44600613159670155,6.852216748768473,0.6161106968763553,0.34269972847317287,0.3962697848686091,0.5073891625615764,45.926108374384235,203,high,1.2432974816588989,3.356946604095018,-0.7068790350181997,0.8752116091850838,-2.236774138905067,0.38833025926665005,0.6459963904201544,-0.32678761510497284,-0.15702681352469428
123755,0.0582067505347457,0.018964324484856895,0.6341209591197716,0.6708280785122851,0.466401769162643,8.02,0.5186875007345596,0.3577282825127917,0.37556778501709664,0.38,112.26,50,low,-0.6801903088755918,-1.8699099760409654,0.5515174051463861,-1.043710428087638,-1.1647136645623004,0.9424832663393305,-1.5227054995035252,0.7672492069364625,-0.5668733601299554
124079,0.03667775459273901,0.044012850463701056,0.6480613463215432,0.6467824158125564,0.4801265514833279,7.735294117647059,0.5400064684450497,0.3523748462707051,0.4378810221641104,0.38235294117647056,82.33823529411765,68,mid,-1.3465776254442965,0.5514752498788814,1.0130582297789243,-1.8624115911529464,-1.0548258062815175,1.1429929597612645,-1.052791728582292,0.208100141285992,1.2758776555072018
124187,0.23876480236338474,0.03292762213383229,0.6484663890902278,0.8107163424810128,0.5601646386598043,3.8,0.6810753925928313,0.28049253258745843,0.3474719959889451,0.5777777777777777,144.11111111111111,135,low,3.0052167979678073,-0.4607903176011253,0.9445610738075874,2.072374877629207,2.259260174831067,-2.5082446770436495,1.9458213746884554,-2.4129640458338466,-1.1954496478546928
125802,0.07597586741629721,0.03809254371181041,0.6199069322189423,0.7300128489937854,0.4964136835530624,7.117117117117117,0.6065341745272541,0.3741177590260411,0.4028753525281303,0.4864864864864865,90.5945945945946,111,mid,-0.1757453352020591,0.14804336594636308,0.09538744825528993,0.4098847368790616,-0.34247657048589525,0.3763461143709772,0.5187594287167019,1.4349905539286847,0.04023647548402957
126094,0.10933088365952556,0.03234364495688717,0.6141648210542993,0.773533060370494,0.5124993336402399,5.241847826086956,0.6255241353177061,0.3803152945108756,0.43325427526523136,0.6467391304347826,18.910326086956523,368,top,0.500255232646707,-0.16514620846913547,-0.5457078812062811,0.9064758553116731,-0.43743839450682565,-0.5987187623255179,0.6002241976108373,0.5965411234666551,0.3817563338907622
126127,0.08340797242107548,0.027728453922948818,0.6115496611774575,0.7307037737283789,0.5156217634054738,6.8133333333333335,0.5773154301415171,0.3602445293686482,0.3925773201347701,0.44,72.62666666666667,75,mid,0.04568383528087727,-0.5582045438314439,-0.17701116817820856,0.4287478579437427,0.49762596846217705,-0.00039853856646667406,-0.17146054516139014,0.6521638622809226,-0.3232667235911725
126128,0.09018793459710404,0.040493398946821274,0.6139446570953988,0.7428446870588921,0.5035696065615558,6.3076923076923075,0.6293313680779055,0.3677119955592444,0.4044459508745223,0.47435897435897434,82.57692307692308,78,mid,0.24768332258339545,0.31164663704382206,-0.09894817714050426,0.7602101815845351,-0.02949843138275637,-0.6274812298915802,1.0572862774167913,1.073531632968752,0.09567595183912665
126203,0.1289862296317389,0.030005711095024597,0.6023062013383556,0.7777314976250922,0.5240641460993694,5.259740259740259,0.6141558094511115,0.36080217800312925,0.4085913507369334,0.6006493506493507,25.42207792207792,308,top,0.9924958795209023,-0.3714552741793252,-0.9059010095722079,1.0118616043399609,-0.035011732130111474,-0.582489214744902,0.2897885718623324,-0.23062729192794512,-0.3242219478035905
126205,0.06953910196518942,0.027223275360963414,0.609499946751688,0.7220608019315462,0.5389178353966383,6.148837209302326,0.5855222838755447,0.38703115372748054,0.4148275683684075,0.6186046511627907,41.51627906976744,215,top,-0.4962742809618054,-0.6169890448547214,-0.687398542407965,-0.3855388112943682,0.48185965069650016,0.22397688854194986,-0.4921090033608105,0.8812289448101626,-0.14570969542700915
126207,0.09290472127344693,0.028995536775328845,0.6130803642438577,0.7358574945547827,0.5241278371295575,6.409252669039146,0.610728058146212,0.3477652731912629,0.39086124536920647,0.5444839857651246,37.00355871886121,281,top,0.08888497185279724,-0.4605972826426542,-0.5786471186965859,-0.03922548134751749,-0.03279544295183769,0.4601898697618866,0.1961867404463695,-0.7832666353460408,-0.831747699966752
126214,0.10298857315096767,0.03735243632128706,0.6398830832373102,0.7250364022294776,0.5059755791489038,6.37037037037037,0.5441722062799997,0.35633751611060055,0.3832686376804024,0.4444444444444444,112.68518518518519,54,low,0.23386057756096296,-0.014255923417846561,0.7093911257042753,0.16380874607587537,0.2804179834423856,-0.40643215053163584,-0.9783645079819591,0.7099838376219699,-0.3945851437511333
126239,0.1305592804248195,0.02383002973145261,0.646157745243975,0.755870931487057,0.4936070026625024,5.647619047619048,0.6177943953247662,0.32631711749201303,0.3824861464279158,0.49523809523809526,73.5904761904762,105,mid,1.4504910886420628,-0.823857774627494,0.9510118635432326,1.1158431664293396,-0.46523219001131577,-1.4460867136411113,0.7847540656564818,-1.2622630052512622,-0.6794681594334423
126610,0.12873862891668428,0.023003524077826718,0.6358054276667586,0.7777051264026195,0.5188155680292935,5.348101265822785,0.641621181786623,0.3386168183232456,0.3902371843842432,0.5506329113924051,32.08860759493671,158,top,0.9862950659449268,-0.989357553200694,0.11160283304135851,1.0111996554135987,-0.21764917328436542,-0.502340299271758,1.039787309358428,-1.1710731096979365,-0.8496114979657013
126774,0.0984081486887022,0.02736939729631718,0.6261780130417929,0.7734474368533427,0.5477882464792266,4.988732394366197,0.6148607313967815,0.3482442366665357,0.4056397816582247,0.6197183098591549,10.8,355,top,0.2267106135250501,-0.6040946339159178,-0.1808197823141189,0.9043266035919915,0.7905278576813421,-0.8283101651552716,0.30903792201959457,-0.7629631918281368,-0.40871086006126395
126845,0.1107392522004057,0.03347053582021332,0.5800588476288727,0.7306440306691416,0.4840665806318766,7.0,0.5976178913678913,0.3316578428746932,0.39611318169010473,0.3392857142857143,79.05357142857143,56,mid,0.8599810775673106,-0.16691756925560117,-1.2034292415443744,0.42711679669677455,-0.882501007724955,0.23110054829189133,0.3081344734448668,-0.9609011388674822,-0.19845676594529485
126846,0.11135648857703948,0.023568165434027743,0.5887723383319243,0.7331011126304439,0.5121077489440645,6.352941176470588,0.5586393734470658,0.32932172770617124,0.3739244089244089,0.4117647058823529,102.79411764705883,68,low,0.40465980068272034,-1.4053089234176257,-0.6909680637373545,0.3434544494561863,0.5043487256428919,-0.4206841425744366,-0.6693528105076654,-0.40240218052199517,-0.6036399817273127
126952,0.06503481116864074,0.03981571916087943,0.5954140230275319,0.6989825452981434,0.5159286549463933,7.524752475247524,0.6050384646383573,0.3608908591691278,0.37440463182650685,0.43564356435643564,88.4059405940594,101,mid,-0.5017187986512611,0.26546699733880247,-0.7029394868235217,-0.43728188775923765,0.511048463822938,0.8818847563979543,0.48342701241521635,0.6886344053280608,-0.9647320136119553
127157,0.09231116565193175,0.030747405388556803,0.6262524612793209,0.6913542505392261,0.4805757769712096,7.490909090909091,0.5689346293119878,0.32303449726889655,0.34740051615051615,0.2545454545454545,71.72727272727273,55,high,-0.058186175828496056,-0.5207060112653578,0.4834574585867874,-1.0781445109001433,-0.9231102776125889,1.0663088227144446,-0.5663829236952076,-1.256190874556946,-1.682537711404817
128034,0.14438431545168484,0.026410008372885884,0.6390748038562023,0.7669944443434573,0.520265332426652,5.416974169741698,0.639731404989919,0.3510915368809458,0.40468993494203576,0.5719557195571956,25.490774907749078,271,top,1.3781194007425466,-0.6887551265305929,0.21090670361725003,0.742348846657934,-0.1672009840272207,-0.43986830173212643,0.9881830494793488,-0.6422650549840638,-0.43590030192160256
132283,0.08841729855746595,0.02406431629440343,0.655879790637185,0.7329242811107046,0.5279047454025049,5.477987421383648,0.5941711022593376,0.33502807666863244,0.3898203148203148,0.44025157232704404,47.76729559748428,159,high,-0.1465569665040142,-0.9958300655775488,1.5426295041596136,0.03285795990509383,0.8754142587800512,-1.070428463447244,0.08217002576063749,-0.6893594109031335,-0.3583545006849022
132686,0.06525493825171916,0.0366285519320915,0.6263064739426363,0.6943549169856573,0.4943649212253855,7.055555555555555,0.5431947168058279,0.33938366889802285,0.3992294372294372,0.3888888888888889,75.20370370370371,54,mid,-0.49516042018707834,0.048281480877636916,0.3039754314246082,-0.5636220066321336,-0.4320831551319117,0.2999990860473548,-0.9774773115340576,-0.5249548613641442,-0.08845819394492463
133430,0.11500603371787388,0.06953003427553074,0.5998729826276663,0.7826116303431042,0.5025491000302917,5.752851711026616,0.6118004555751266,0.3589165932204899,0.4137591658406786,0.55893536121673,35.41825095057034,263,top,0.6423814277174382,3.1163363700640008,-0.9798074742700617,1.134358717112548,-0.7836817353021226,-0.13520652999279226,0.22547076791029397,-0.3105579465790759,-0.17629280732918856
134770,0.08052529226677704,0.026804903042297386,0.6524128730837825,0.7322649899184404,0.528762396281199,5.456989247311828,0.5703743482630037,0.35328420574949687,0.4285711651733152,0.5268817204301075,19.301075268817204,186,top,-0.22114051183957512,-0.6539079686921262,0.6160365582312853,-0.1294016038020999,0.12847566953475165,-0.40357214336986985,-0.9057546822285508,-0.5493169893706363,0.24770191500451172
134868,0.11080588584507438,0.039294715987781594,0.6422554361961564,0.7522591533645437,0.5071297308454232,5.78740157480315,0.594985821100241,0.31565237731416884,0.37429300718774405,0.4645669291338583,55.10236220472441,127,high,0.3615490147005767,0.08695203550855035,1.0555611225107255,0.549602608667926,0.08595328671036996,-0.7419821217505649,0.10310751208638291,-1.6050790354089486,-0.8430574158208967
136440,0.05908190320182402,0.042255553388254576,0.6327415559531638,0.6832602173035615,0.5088789053789172,7.804878048780488,0.5734898540278287,0.3635630214795493,0.3972277722277722,0.45121951219512196,81.1829268292683,82,mid,-0.6790773629080931,0.43172644302016994,0.5137218220349523,-0.8665213714996715,0.20271402560259744,1.2292891196759268,-0.26183024107986347,0.8394168858803367,-0.15911359720926385
144707,0.03309269332607453,0.03622633692195345,0.6804681593375023,0.6418779585612423,0.4972127557542031,7.809523809523809,0.555465447966904,0.3849153651446352,0.47873291460635486,0.4857142857142857,106.83809523809524,105,low,-1.1927984367388094,-0.12789733111746168,1.8213624807745235,-1.6885897111585282,-0.03957732198699568,0.7703751924310395,-0.7371463245353751,1.886688334199874,1.7412004268308456
144719,0.060942213211752264,0.038698298619206234,0.6350235698881552,0.6925174722520417,0.47057543765641613,8.346666666666666,0.5656389283300296,0.3640864349757401,0.3591471850738571,0.28,77.14666666666666,75,mid,-0.623652028891058,0.18932177494333322,0.5881022550121712,-0.6137865769890504,-1.4725622503937734,1.9012011034843312,-0.44728878298418057,0.868951613244164,-1.5032941867008338
144750,0.14486593896152103,0.031174720649584695,0.6474675718770351,0.7536410798900941,0.47546934008976977,5.834782608695652,0.585694694042236,0.34616311725081045,0.4475708733267832,0.46956521739130436,86.9304347826087,115,mid,1.8767379635352073,-0.3233630168080912,0.9937046230387929,1.0549653912914616,-1.2585179580326924,-1.2139713914140096,0.026478669279837306,-0.14240997050079227,1.6179130814653853
144817,0.11129151505914285,0.026174479638204663,0.6238978689096375,0.7406211875654363,0.5208765344241029,6.061224489795919,0.584466921966922,0.3183742632361237,0.4619312169312169,0.40816326530612246,113.6734693877551,49,low,0.40333361299855053,-1.142290210109156,0.27141977896713043,0.510968108844067,0.8245617507766064,-0.6592232236785547,-0.11768885877778705,-0.8531684594217851,1.365302503425688
144869,0.08949984026954619,0.019724085278368577,0.6649648739655106,0.7102817774678212,0.4923527762335707,6.887096774193548,0.5858922558922559,0.3374832250973171,0.37740087977156944,0.3709677419354839,47.41935483870968,62,high,-0.12198882775790121,-1.3043921882633063,1.867419706368912,-0.5722865912687435,-0.4755783993469131,0.425355769000268,-0.13058831969692264,-0.5733260458053604,-0.7460415688435674
144895,0.028059046081373717,0.03501371811363321,0.667757072592057,0.6554036174618806,0.489884937619575,8.179487179487179,0.5590946258367072,0.34706948818140276,0.4376082924631722,0.4230769230769231,95.33333333333333,78,low,-1.2955412340889334,-0.2502699284761752,1.4730974111746808,-1.3872984823257841,-0.3071700026222491,1.0728972158340573,-0.6596288395271845,0.32836903779191595,0.8211350641908046
200000,0.130105892597085,0.05585635574399955,0.6326251592377946,0.7667107885437305,0.49783627893985943,5.262548262548263,0.6098365794973069,0.36131217159975,0.38942519424274363,0.5868725868725869,24.243243243243242,259,top,1.0205362723545972,1.9097137667991446,0.015005517172310018,0.735228750034438,-0.9476761682861251,-0.5799421819565153,0.1718430740647159,-0.2090084697879398,-0.8728547838213949
200005,0.09483955109769064,0.030549411746930204,0.6231964529308555,0.7452464635281074,0.5444119103349281,5.7228260869565215,0.6253708339464153,0.3532765014897448,0.41714240474744674,0.5597826086956522,44.880434782608695,184,top,0.13734007844942583,-0.32347685385254,-0.27138154156555344,0.1964487631046292,0.6730397712628434,-0.16244163416730567,0.5960379869336262,-0.5496435758658464,-0.07944731006380516
200175,0.054791922279813776,0.02676014193094569,0.6033289482167212,0.707084765969506,0.5416491394795588,6.6217616580310885,0.5722669179519025,0.360738493224785,0.4141076929425971,0.47668393782383417,53.83937823834197,193,high,-0.9096803644857321,-0.8041744422411429,-0.33605428102886253,-0.6577300616004181,1.397708126674411,0.14369978376462203,-0.4807463281866473,0.5257468190180279,0.3998041740480297
200221,0.04673611511703555,0.028934109931970493,0.652742185088395,0.6727285697963892,0.5074260160015079,7.38,0.5785326893312374,0.37708904355916417,0.45074221020716637,0.4866666666666667,41.013333333333335,150,top,-1.067343190797691,-0.4660178443058877,0.6260390647616495,-1.6238362823609929,-0.6139772092733481,1.3407179355276324,-0.6829743235102194,0.4597791210293177,0.8823499373186178
200282,0.05562153794290914,0.03134479131002272,0.5923383880025627,0.7242268516689699,0.5327729020522737,6.067741935483871,0.5921664305944224,0.39049862143516006,0.45846993310599965,0.6387096774193548,30.438709677419354,310,top,-0.8448202046471582,-0.2532892333969869,-1.2086628785239288,-0.3311683967404961,0.26803127907012775,0.15041844308382105,-0.3106768498103497,1.028216217092097,1.103556652980774
200303,0.0456140922072535,0.0344485416653627,0.6549504933479122,0.6903254814626651,0.4648630884867809,7.869565217391305,0.6219146830719721,0.33279320942311985,0.3951571684129824,0.41304347826086957,98.19565217391305,46,low,-0.937221618330767,-0.30730525521388347,1.1222159876491804,-0.6093954318925205,-1.2209022433631171,0.8194715345846937,0.6821772167332559,-0.2594625162646709,-0.1286076156988374
200325,0.06287493838919868,0.03762950553342412,0.6462399062717192,0.7186392325732659,0.5158630303030053,6.179012345679013,0.5495011067127435,0.37907137337710967,0.4118505821849771,0.5493827160493827,83.34567901234568,162,mid,-0.5660691862726747,0.11649020958678646,0.9536898370313724,0.09937059150008948,0.5081782430642037,-0.7870667318721836,-0.828504576109424,1.7145088513915558,0.35704696588431334
200384,0.03660511991202664,0.029352655082579466,0.5752999865257915,0.6444716736070926,0.4683876782510676,9.79245283018868,0.5583714629387706,0.3488154184154659,0.38304848579458417,0.32075471698113206,148.26415094339623,53,low,-1.121105583548197,-0.8215615678340321,-1.0600906756271407,-1.630813332266604,-1.0921934782385954,2.391832202230403,-0.6750752494608814,0.40025842158307207,-0.3995105172647435
200615,0.11647133128467947,0.04303455466814461,0.61345286973399,0.743915557794655,0.5061442192450892,6.617834394904459,0.645981806184012,0.3342516643000412,0.3870587840622087,0.4585987261146497,85.9171974522293,157,mid,1.03076035422679,0.48481050894826005,-0.11497759585413077,0.7894463100974393,0.08310723606883977,-0.24285117639537507,1.450611356788294,-0.8145392105151867,-0.5180617523853487
200624,0.09937176755073675,0.026656073097130323,0.6289539335100397,0.7374591521592467,0.5312978314251915,5.897435897435898,0.6155950576503442,0.3788357901129723,0.4444221921442222,0.6089743589743589,49.0,156,high,0.10205323586823623,-0.8115730576947593,0.58003463684363,0.15405712359226695,1.004353229312475,-0.6251795439421762,0.6327449609679341,1.3810475546378447,1.3461064230672786
200670,0.09558297583553484,0.045167332257248054,0.5734138725842491,0.7196915839626115,0.49027984030811506,7.012658227848101,0.5785444555444555,0.34540379892082834,0.40171805736498717,0.45569620253164556,80.83544303797468,79,mid,0.40842102817002485,0.6301459648359602,-1.4200169290090356,0.1281011183808339,-0.6107520734609021,0.24679894929946544,-0.14242788481456894,-0.18525613327952478,-0.0006140946062353822
202103,0.04634395716927372,0.04181073630034771,0.6241275323144139,0.6919124067710981,0.49814169626248556,7.368421052631579,0.5870660635660636,0.3708066613142996,0.4636372516372516,0.4605263157894737,31.42105263157895,76,top,-1.0771642380667665,0.6702695412759602,-0.24310098244870912,-1.1422992469790672,-0.9370484063392,1.3302151117703656,-0.44995290932656895,0.19346655305357527,1.2514715790259379
202104,0.024674560246985222,0.021804272895639566,0.7292854671746725,0.6147931240692288,0.45961404275836465,7.731343283582089,0.5297162013071104,0.34441740734408804,0.3193823116732124,0.34328358208955223,42.62686567164179,67,top,-1.6198439738231478,-1.095184495093636,2.9509609267034747,-3.078084606914978,-2.2777147650599905,1.6594080952070915,-2.0160093881669043,-0.9251839393636727,-2.8778381678730347
202195,0.18460947300018815,0.10417471007420263,0.6037586692149771,0.7939765543076203,0.5439226060932725,4.666666666666667,0.6236449997813635,0.3079732923627353,0.39872962005314944,0.4444444444444444,75.45833333333333,72,mid,3.0608409557002054,4.651129774671425,-0.4309523674871019,2.1561749717919327,1.7354180840236295,-2.6626380374375853,0.9229600064009728,-2.297352619764005,-0.10610089845326207
202385,0.035861111952161746,0.019112930863104217,0.6423687326763972,0.6786368793080854,0.5207200708807567,6.684931506849315,0.5618617446978792,0.37167292333247276,0.4356220407472258,0.5342465753424658,84.23287671232876,73,mid,-1.3709083503691677,-1.1452985652665957,0.8275120062412552,-0.9927443592798254,0.7206103108448094,-0.1596391041843002,-0.5365153272017427,1.2970354645311282,1.1961394161695178
206173,0.08425819397844969,0.02566638929767584,0.6035042947706438,0.7634518139776258,0.5570240838400776,5.364312267657993,0.6632159758814171,0.394010670075934,0.45462188952348176,0.7769516728624535,20.977695167286246,269,top,-0.1276552098830906,-0.7543751849734084,-0.8695101789538369,0.6534246274798071,1.1119119887700712,-0.4876359146859651,1.629477778860746,1.1770932920495736,0.9934060829154143
206681,0.06261385835821512,0.032045045735241424,0.6606079285036296,0.7081855011113962,0.47841369908143055,6.787234042553192,0.5357402725732765,0.3738090596249909,0.40688708713218513,0.5319148936170213,74.23404255319149,47,mid,-0.5738477005231032,-0.26405580458837036,1.4220041177852418,-0.18602952846944562,-1.1297407203558987,-0.032766192048182124,-1.153569967520292,1.4175715291734066,0.1818439502628887
206909,0.10661055834343461,0.020502354169231896,0.641099484122856,0.747557737381202,0.5436079672451347,4.804347826086956,0.5954693774062195,0.3489438416358365,0.4115746001242184,0.5362318840579711,96.42028985507247,138,low,0.30778965374454836,-1.71469822606614,0.7427187197605191,0.6654834365781548,1.6546540008169832,-1.6869813812251164,0.11731827098168104,0.4055462996418836,0.23869327301025217
207518,0.053598925218341885,0.025862327422166712,0.6353015889305597,0.7005244688430551,0.5152748821587597,6.453846153846154,0.547546509046509,0.3492182313529367,0.37623033693909413,0.45384615384615384,41.261538461538464,130,top,-0.8954737111956798,-0.7370847850779579,0.09629926020315999,-0.9261262861619726,-0.34085622073445154,0.5006389275862363,-1.5291159963585752,-0.7216751873705574,-1.250558680037937
207686,0.06997212612400094,0.032929382382387185,0.5927943249455072,0.6966651066704119,0.49008893687071203,7.224137931034483,0.5654951773372826,0.3407067451725606,0.3831096933369661,0.43103448275862066,63.13793103448276,58,high,-0.5651676772825749,-0.36558167562967525,-0.7126652925964346,-0.9362063356637045,-0.5616054304761311,0.7831284621438015,-0.6547735132740512,-0.42097848204070437,-0.5678343327538204
207733,0.11625433998926346,0.04111507354585374,0.5914268911540975,0.7808486050288579,0.5220714419241401,5.294117647058823,0.647799470100058,0.3816318105023295,0.4747818174889003,0.6274509803921569,69.00980392156863,102,high,0.4852009496537774,0.21636758737448644,-0.7615508208375537,1.313685554996396,0.6537458011356974,-1.2656081410998827,1.4603672171892752,1.513190952107674,2.293817336975781
207830,0.0706260206004209,0.03212190576451334,0.6265818461082091,0.7096368130781807,0.5281310843910043,6.223880597014926,0.6282915868853369,0.3520824597725625,0.45553589589396315,0.5074626865671642,97.17910447761194,67,low,-0.4266980624855745,-0.5420999626202169,0.3449568041313927,-0.17922527341242367,1.0894788702766085,-0.5262180164883827,0.8183847996859174,0.5347801713068907,1.2222224442617697
207925,0.06696783403204618,0.041584690374560494,0.5608698459832533,0.7058212826594275,0.47499946176578833,8.347826086956522,0.6259735862634414,0.3461536465922924,0.44939430724314444,0.5217391304347826,106.78260869565217,46,low,-0.5013660523132587,0.4128460789817727,-1.455455289292715,-0.2642182380406116,-0.8507485021244463,1.2105492944982805,0.768873426889381,0.2906588898106685,1.0848190422432007
207989,0.06214760398990254,0.0266432741403621,0.6511386739502908,0.7333954601081847,0.5663705308922663,5.596153846153846,0.6351325769542266,0.39785799174920783,0.4297548726635585,0.717948717948718,20.006410256410255,156,top,-0.6813840088632173,-0.6681707792420651,0.5773340968110523,-0.10102546275822068,1.4371450615574968,-0.2773412168113199,0.8626025483815591,1.3401827181149526,0.28158564112271145
208014,0.04701512619797575,0.0409119647761878,0.5685023565588114,0.6688176678228815,0.4564273643593061,8.612244897959183,0.5832765024091554,0.35440064929069687,0.3665143991046984,0.40816326530612246,101.77551020408163,49,low,-0.9086248286886339,0.3449573259641622,-1.2463357324797804,-1.0884933929338307,-1.5289527422835623,1.4267666830961447,-0.14311564510050573,0.6302325626558624,-0.7694212829682386
208029,0.08185244981072577,0.04419610778232443,0.6239590424477509,0.7351893228421671,0.5434391391121068,5.5131578947368425,0.6355005113933686,0.350186712441499,0.4187626582199905,0.6052631578947368,24.119205298013245,152,top,-0.1879037075187135,0.8807647010604567,-0.24821868532012284,-0.05599738292503539,0.6391897561554184,-0.3526236947917294,0.8726497584272431,-0.680620906418169,-0.03306741861405905
208103,0.08579847457461053,0.03223571398947075,0.6378709013634548,0.7237022178522879,0.5129096825769308,6.625,0.6223177414149637,0.3399081086273957,0.3882245840579174,0.5357142857142857,58.857142857142854,112,high,-0.20599082502832364,-0.414896974969169,0.8988147390772416,-0.21361130954626867,0.3055943512176578,0.14713731744269443,0.8055114324514527,-0.4587230374178282,-0.40816708703978244
208286,0.08042350529493145,0.039024932339329514,0.5825444694998354,0.7198739096752749,0.5133883635165593,6.864406779661017,0.5774915312861741,0.36061212104350376,0.4233507068328497,0.5423728813559322,54.067796610169495,59,high,-0.3279750308521296,0.06777217735705207,-1.0790959022570488,-0.3159268427608053,0.3237844669873472,0.4012701038328334,-0.34647881803269676,0.5197743127216711,0.6883355719737231
209950,0.09986018676606552,0.043984411309111786,0.6148703171870147,0.7759080193464591,0.5106715313439215,5.461538461538462,0.6112341210701867,0.34582476066380224,0.3676870703833603,0.5692307692307692,54.4,65,high,0.1131378443545054,0.4203587914514899,0.07654772009385052,1.181643244107743,0.22054348190559867,-1.0878892053886189,0.5206731081637956,-0.17909471113180742,-1.0492693942306295
209992,0.049539212314876055,0.030532951771975236,0.6157728445676109,0.6909219555599457,0.5167967541852453,7.596153846153846,0.604589556578687,0.3655024586352225,0.3666356519297696,0.5,190.82692307692307,52,low,-0.8571051937607073,-0.7024507883011555,0.048806069797831315,-0.5961086548817467,0.6755788870562796,0.595900857151576,0.3121208895461139,1.087354054210246,-0.766708540123287
210097,0.11859110638737298,0.042163304697657396,0.6686683783766388,0.7689654501440182,0.5601125277794162,5.548387096774194,0.6582092958129557,0.31975968162132057,0.4295249969668575,0.5913978494623656,44.32258064516129,93,top,0.7321645580891962,0.7013816517742233,1.1097804715073558,0.7918234273257078,1.2193821436764298,-0.32066862250972206,1.492760035350025,-1.9704342921322517,0.2750054300380904
210506,0.06441724320900512,0.03141389576874492,0.6635465987337198,0.7024129435721722,0.508744320817925,6.464285714285714,0.6032567740901074,0.374103618101966,0.46779601571268237,0.5357142857142857,101.41071428571429,56,low,-0.5534266801871474,-0.6135494746545319,1.3577366241162852,-0.340140799700757,0.38152516044760626,-0.32963681840815223,0.2836532998373598,1.4415102752836761,1.4965133920970235
