player_name,num_of_matches,win_rate,aces_per_svpt,df_rate,first_serve_in_pct,first_serve_won_pct,second_serve_in_pct,second_serve_won_pct,bp_faced_per_match,bp_saved_pct
Adrian Mannarino,251,0.5059760956175299,0.07120235363184799,0.02908093476024942,0.6034346519836558,0.7150709945635093,0.39656534801634413,0.5265654709598399,6.32258064516129,0.552107057355536
Albert Ramos,91,0.3076923076923077,0.04233973304401105,0.03311731173118585,0.611556299191347,0.6826493460017912,0.388443700808653,0.49656686353607427,7.644444444444445,0.5581741806173625
Alejandro Davidovich Fokina,137,0.48905109489051096,0.0469333438608587,0.029024715230372644,0.6539399101403301,0.6717191439246015,0.34606008985966985,0.5056270816444233,7.41044776119403,0.568696458353741
Alejandro Tabilo,53,0.4716981132075472,0.10465346086687743,0.03617654242080656,0.640559483366977,0.7273671311296067,0.359440516633023,0.5080134301549596,6.384615384615385,0.5459390945311998
Aleksandar Vukic,63,0.42857142857142855,0.11451212411474875,0.023885650090625057,0.5916999130912632,0.7364360062015834,0.40830008690873665,0.5167331650644263,6.238095238095238,0.5600685194435194
Alex De Minaur,291,0.6494845360824743,0.05598654037200134,0.03072114278393368,0.5930444493453566,0.7248933973287218,0.4069555506546434,0.5331369737464793,6.042857142857143,0.5897016667817383
Alex Michelsen,54,0.5370370370370371,0.06547626564352249,0.03153407657186484,0.6657312077408226,0.7026154980439077,0.33426879225917744,0.511200620017691,6.462962962962963,0.6124729437229437
Alexander Bublik,188,0.4946808510638298,0.1501025107825319,0.08535371960080361,0.5922139642965248,0.766398717770449,0.40778603570347505,0.44769853087438227,6.590163934426229,0.614780202204793
Alexander Shevchenko,54,0.46296296296296297,0.07201916574852077,0.032717634206812556,0.5970123649114523,0.7047645186960702,0.4029876350885478,0.4992639938082006,7.150943396226415,0.5746579809079809
Alexander Zverev,295,0.7186440677966102,0.1292448439031985,0.04395177184840958,0.6853893114085571,0.7683541268015924,0.31461068859144287,0.5179717850140308,5.053191489361702,0.6109651535248208
Alexei Popyrin,142,0.4788732394366197,0.11692940492116231,0.0428659711654978,0.612698640021959,0.7483108435711048,0.3873013599780411,0.509307134613441,6.404255319148936,0.6418517054600532
Aljaz Bedene,59,0.4406779661016949,0.129763760913391,0.04152750406891998,0.5738498510055463,0.7739851172854311,0.42615014899445375,0.47847945717935214,6.5,0.5897851875793052
Andreas Seppi,82,0.4878048780487805,0.0701278454466053,0.03165392681984012,0.5818925743725848,0.7124742907827133,0.4181074256274152,0.494274651585313,7.646341463414634,0.5416026360470805
Andrey Rublev,327,0.6666666666666666,0.1092224874043229,0.03319035348933636,0.6116438215376703,0.7769909260667663,0.3883561784623298,0.5173158861398808,5.249221183800623,0.6304977325182499
Andy Murray,132,0.5227272727272727,0.08184523506134514,0.03473940989928332,0.58538963966626,0.7325811945472483,0.41461036033374,0.5007600068933917,6.84375,0.5897094367381253
Arthur Fils,65,0.5846153846153846,0.09973780987659299,0.04371012927427819,0.6158238197392155,0.7771808877043032,0.38417618026078443,0.5094912912625496,5.40625,0.6084583934583935
Arthur Rinderknech,97,0.4948453608247423,0.13092890917865446,0.024373212059724727,0.6460531008704867,0.7563671972744371,0.3539468991295132,0.48780579196926244,5.666666666666667,0.6308616240268667
Aslan Karatsev,102,0.5098039215686274,0.07382578691539775,0.05547024038178295,0.5904568613634154,0.7315837957535257,0.40954313863658465,0.5078309133422456,6.71,0.5976267556617788
Ben Shelton,89,0.6067415730337079,0.11777040966413063,0.04222542205685044,0.6709143631389081,0.7684351767691924,0.32908563686109193,0.559551237154636,5.46067415730337,0.6581965918393654
Benjamin Bonzi,71,0.4507042253521127,0.08747615854533569,0.027214025429325852,0.6118542263032313,0.7371965683031809,0.3881457736967686,0.519825517289268,6.507462686567164,0.576484162467769
Benoit Paire,130,0.4153846153846154,0.11750784167609557,0.082191450011927,0.5227899574571325,0.7613740570746651,0.47721004254286736,0.423749686070031,7.915384615384616,0.5551031236173815
Borna Coric,168,0.5773809523809523,0.08939738292916158,0.02771814802459367,0.6338242337851505,0.7361994053177757,0.36617576621484943,0.5423382867261066,5.9375,0.6142138062129835
Botic Van De Zandschulp,125,0.512,0.08091539778180727,0.0474385795907619,0.63390819153868,0.7205678104385533,0.36609180846131995,0.4730223324694301,7.033057851239669,0.5955802628195115
Brandon Nakashima,127,0.5590551181102362,0.10808379605801087,0.020046210339228827,0.6425581008759235,0.7525873125951086,0.3574418991240765,0.5455238795369657,4.724409448818897,0.5957562443712029
Cameron Norrie,223,0.5605381165919282,0.06505933508713076,0.037035426198069495,0.6556650111206416,0.7120396245176883,0.34433498887935843,0.5107189139383874,6.56221198156682,0.611240360233052
Carlos Alcaraz,139,0.7482014388489209,0.062074069586765396,0.02704361948804745,0.6494445638632412,0.7381945481020682,0.3505554361367587,0.5722855290591086,5.262773722627737,0.6255241076211315
Casper Ruud,177,0.5706214689265536,0.08101046637237214,0.026246999165663077,0.6532001514165737,0.7402249425268591,0.3467998485834263,0.5375887761003784,5.364705882352941,0.5809164304907339
Christopher Eubanks,62,0.3709677419354839,0.12578804476202488,0.035745981275145736,0.6792543075690876,0.7308737079936372,0.3207456924309125,0.538040529073968,6.387096774193548,0.6284865134865135
Christopher Oconnell,80,0.425,0.10091860347237011,0.022773767481109902,0.6114871839077413,0.7407379950677218,0.38851281609225874,0.5016051821551685,7.225,0.6359078764372882
Constant Lestienne,45,0.35555555555555557,0.06031252627529927,0.03700448440112395,0.6071528347278465,0.667369842628592,0.3928471652721534,0.4557264846502092,8.431818181818182,0.5513319367970531
Corentin Moutet,75,0.4266666666666667,0.027921253268138345,0.03464065554989435,0.6672538738711815,0.6540040955353509,0.33274612612881843,0.4887468211774549,8.191780821917808,0.5506691356812227
Cristian Garin,81,0.3950617283950617,0.05836650119757045,0.039628675593456154,0.6166838063441082,0.6997694637968602,0.38331619365589176,0.49302259439738744,7.407407407407407,0.5586627764053279
Damir Dzumhur,87,0.3448275862068966,0.02982453249604141,0.03957991105962046,0.625526373182236,0.6430886243295643,0.37447362681776397,0.47768061447597565,7.902439024390244,0.5133817725908656
Daniel Altmaier,53,0.2830188679245283,0.0936036382285033,0.03046762520568953,0.626488243187736,0.6948701589119738,0.373511756812264,0.48145141628962795,7.411764705882353,0.5762626262626263
Daniel Elahi Galan,52,0.38461538461538464,0.059183310449051334,0.018053711337506193,0.6367869595050252,0.6702854596304211,0.3632130404949749,0.46867831346598837,7.958333333333333,0.5136791095614625
Daniel Evans,185,0.518918918918919,0.058260691232091086,0.033400976348094344,0.6045801520634462,0.7255796771062132,0.39541984793655377,0.5209932770871749,6.758241758241758,0.5788435912208607
Daniil Medvedev,358,0.7681564245810056,0.11688879181066975,0.04872979920910647,0.6215772300642188,0.7738607295445236,0.37842276993578106,0.5311047605283679,5.065527065527066,0.6298284068872304
David Goffin,172,0.5290697674418605,0.07543847302176737,0.03902389993357669,0.5957822992301952,0.7081762722585005,0.40421770076980484,0.4896754063433712,7.006134969325154,0.5495783857519728
Denis Kudla,74,0.35135135135135137,0.07671397944757186,0.04083757180386061,0.5854265033987338,0.6941618700269281,0.4145734966012662,0.47892950529079986,6.986301369863014,0.504813260613973
Denis Shapovalov,244,0.5737704918032787,0.1142209124763117,0.07007584500543065,0.5991757156686783,0.783531089985596,0.4008242843313217,0.5109553717698291,5.7100840336134455,0.6126215939852855
Dennis Novak,43,0.3023255813953488,0.05708495881605233,0.026992936138109058,0.650751425206724,0.6667978533295108,0.349248574793276,0.5049347909434001,7.2105263157894735,0.5054744232375811
Diego Schwartzman,169,0.5029585798816568,0.026793788996562658,0.03826574364871724,0.6365802737623191,0.6737530758434209,0.3634197262376809,0.504235347697083,7.604938271604938,0.5628453082915394
Dominic Thiem,147,0.6258503401360545,0.08497905171413611,0.033712610392023765,0.6217662248784481,0.7439595991628801,0.3782337751215518,0.5359921801880377,6.0215827338129495,0.62268606476835
Dominik Koepfer,76,0.47368421052631576,0.05891529916343664,0.04083583793902817,0.6296703907969597,0.6869458113506638,0.37032960920304014,0.5128286039858875,7.657534246575342,0.5613852615638331
Dusan Lajovic,133,0.39849624060150374,0.04600720296158315,0.01863039948971134,0.6884012464028476,0.6702063483241905,0.3115987535971524,0.49501378973673105,7.33587786259542,0.5511215023897849
Egor Gerasimov,84,0.5,0.09755437923063506,0.04303454250644307,0.6496558103165616,0.7233171744663551,0.3503441896834384,0.4906806405546969,6.4125,0.5852519414207726
Elias Ymer,53,0.4528301886792453,0.07228569501918562,0.04639491549651704,0.5905347884746652,0.7075797497907119,0.4094652115253348,0.4908826820417247,7.127659574468085,0.48759842009842
Emil Ruusuvuori,150,0.5666666666666667,0.06357290984045395,0.03690675582070926,0.6467893167683196,0.714868203523278,0.3532106832316803,0.5196323116912208,6.104166666666667,0.5435826268129479
Evgeny Donskoy,46,0.32608695652173914,0.056320935583813556,0.03080529341229377,0.5997565646077052,0.6931735158419962,0.4002434353922948,0.47614953933885185,6.934782608695652,0.5931599881599882
Fabian Marozsan,47,0.5106382978723404,0.061966359607494095,0.03117480623585312,0.660099360642581,0.7074744219337384,0.339900639357419,0.48054425501944115,6.844444444444444,0.5416938909951332
Fabio Fognini,138,0.4855072463768116,0.05334813854632484,0.05658162845852856,0.5841306025897839,0.6909741786045167,0.415869397410216,0.4817218014907881,8.114503816793894,0.5577534725796591
Feliciano Lopez,76,0.3815789473684211,0.15268721667359664,0.052109513577177136,0.5693700156254883,0.771118329073006,0.4306299843745117,0.4795405658517651,6.933333333333334,0.6420977941811274
Felix Auger Aliassime,238,0.6008403361344538,0.12913673933710987,0.05578366640977406,0.6300439210506031,0.7678452233959445,0.36995607894939675,0.5004429719858743,5.285087719298246,0.6064277925622463
Fernando Verdasco,82,0.4634146341463415,0.09140869860085071,0.045663680627792747,0.6354224483575156,0.7182113672462599,0.36457755164248434,0.49036541138919765,6.987804878048781,0.5974982028113274
Filip Krajinovic,136,0.5073529411764706,0.06406991425702074,0.022899322946540842,0.6381803344202096,0.69706861442502,0.36181966557979045,0.5119755984889445,6.919117647058823,0.6003200781317595
Flavio Cobolli,44,0.5454545454545454,0.06636359300110511,0.04165369610703539,0.556555476696033,0.7095932317844846,0.44344452330396694,0.47717335034407515,8.272727272727273,0.6222016271561267
Frances Tiafoe,255,0.5647058823529412,0.09353099595124749,0.02939735022335351,0.6114232632281459,0.737861736361134,0.3885767367718541,0.5241293153231198,6.429718875502008,0.6264694100124087
Francisco Cerundolo,75,0.4666666666666667,0.04621861342364185,0.04364193437782515,0.6229534229938618,0.6962163210177158,0.3770465770061382,0.492598727559009,7.267605633802817,0.5849517347731633
Gael Monfils,187,0.6470588235294118,0.10690170519395939,0.054473469287528914,0.6213457834598226,0.7405001102307452,0.3786542165401774,0.5070052525242192,5.709497206703911,0.6096160361418778
Gilles Simon,105,0.49523809523809526,0.05229802749230599,0.03285289277600994,0.5945318536554832,0.699118551990719,0.40546814634451667,0.49833054762751194,6.563106796116505,0.5519082737227378
Gregoire Barrere,58,0.3793103448275862,0.07000881559482369,0.025741055909181104,0.6267831298792166,0.7084667304338013,0.3732168701207835,0.5105004111047985,6.5,0.5637578078487169
Grigor Dimitrov,231,0.6233766233766234,0.09133657984056837,0.045926463042952004,0.6259129356516748,0.7649472244984834,0.3740870643483251,0.5137043408706655,5.964757709251101,0.6167121453831355
Guido Pella,66,0.42424242424242425,0.06953051484390134,0.028077417918899863,0.6499252262987135,0.6833172060614351,0.3500747737012864,0.5251867690812875,7.461538461538462,0.5868391437622207
Henri Laaksonen,40,0.35,0.07821303231209174,0.0384969901284922,0.5744888983021266,0.7184951560787953,0.4255111016978734,0.478769400047164,7.82051282051282,0.5529048952423565
Holger Rune,136,0.6323529411764706,0.0832960537441945,0.04275934920737081,0.6218376742721216,0.7388073194076596,0.3781623257278784,0.5502043733221699,5.1640625,0.6272982046688943
Hubert Hurkacz,241,0.6141078838174274,0.14410253424553368,0.026088830353703123,0.6379114047332449,0.7675899672389435,0.362088595266755,0.5267345740875696,5.324894514767933,0.6432036016422644
Hugo Gaston,50,0.34,0.03522855553387667,0.029656382930102775,0.5771340030333563,0.6451069928839901,0.4228659969666437,0.46739405881476875,9.94,0.5653465865200559
Hyeon Chung,57,0.5789473684210527,0.052157912118794295,0.034757985661762254,0.6273952064546379,0.7041203478001972,0.3726047935453621,0.5255435049186113,6.385964912280702,0.5615314942800322
Ilya Ivashka,107,0.5046728971962616,0.07559837704386167,0.03822612874440971,0.6188394173058783,0.7317004849532797,0.38116058269412156,0.5014781628473747,7.05,0.6126720299870205
Ivo Karlovic,40,0.375,0.22999802544431897,0.04937289945839967,0.6510654473413174,0.820943376008351,0.34893455265868256,0.5399233330109323,4.025,0.6884353741496598
J J Wolf,76,0.4605263157894737,0.09496402356611344,0.04493950748195146,0.5732036588019488,0.7191434189332719,0.4267963411980512,0.48799556499864005,7.0394736842105265,0.5737152893402894
Jack Draper,88,0.625,0.11955789581687372,0.040475565745018725,0.592057102730585,0.7821583701512346,0.4079428972694149,0.5202349535623138,5.465909090909091,0.6555682599156927
Jack Sock,57,0.3508771929824561,0.08116706015489579,0.049169146296238156,0.6138465005633921,0.7189474897461203,0.3861534994366078,0.49058717310074457,7.166666666666667,0.6076103917450071
James Duckworth,87,0.40229885057471265,0.09181524955259668,0.027937957838538106,0.569888844107205,0.7277630219959724,0.430111155892795,0.5315437444235576,6.658823529411765,0.6009796320917644
Jan Lennard Struff,178,0.4606741573033708,0.1278151650520842,0.04338465704671071,0.5755841384753092,0.7648176848084494,0.4244158615246908,0.4856754272823388,6.0,0.6082503102957648
Jannik Sinner,245,0.7877551020408163,0.08476932194420833,0.02572506031389133,0.6032773103638857,0.7668428675488841,0.39672268963611423,0.5593449829790452,5.316239316239316,0.6705347072157778
Jaume Munar,73,0.2876712328767123,0.061724810058454434,0.03876587162088391,0.6357364345800505,0.69276909249639,0.36426356541994953,0.4712836368708768,8.191780821917808,0.5605586360347393
Jenson Brooksby,60,0.6166666666666667,0.03888270919981264,0.019380435347873943,0.6413072958246656,0.6840385762313106,0.3586927041753344,0.5258005080176257,6.762711864406779,0.6048614521566202
Jeremy Chardy,90,0.5222222222222223,0.11067529092030168,0.05496720827297693,0.6179017317497719,0.7434281598001429,0.3820982682502281,0.49176700539413537,6.6117647058823525,0.5931347035922199
Jiri Lehecka,103,0.5533980582524272,0.08858425564251675,0.0322216134283537,0.6355867244679773,0.724807240731937,0.3644132755320228,0.5103918080031733,6.63,0.6247576063982314
Jiri Vesely,61,0.4262295081967213,0.13568457723954974,0.05530656147697872,0.6461798280225838,0.7558869518479019,0.3538201719774162,0.49718124265692293,6.203389830508475,0.649919330182488
Jo-Wilfried Tsonga,57,0.543859649122807,0.14078830313001864,0.031450993501227445,0.59932780024836,0.7920917616628284,0.40067219975164,0.5319408541440209,4.982456140350878,0.6841330577179634
Joao Sousa,95,0.43157894736842106,0.05672574104462826,0.027961899813290014,0.6085146922035387,0.7047692677341878,0.3914853077964613,0.49523709386335835,6.606741573033708,0.49191418978437235
John Isner,168,0.5416666666666666,0.2483381874688585,0.02514889269872428,0.695465149459541,0.8000986385678749,0.304534850540459,0.5651346885916176,3.3975155279503104,0.685331784228843
John Millman,132,0.49242424242424243,0.052971647942988025,0.020951715225045412,0.6163024803587616,0.6869758344789288,0.38369751964123844,0.5271252233020041,7.415384615384616,0.5652766771801577
Jordan Thompson,167,0.5029940119760479,0.0908792818296709,0.021643574109755138,0.6227393330082531,0.7252263546749705,0.3772606669917469,0.5177631195790057,6.609756097560975,0.6211538824373978
Juan Martin del Potro,49,0.7959183673469388,0.12322923801459745,0.024759768623479544,0.6525753833087343,0.7759600777326678,0.3474246166912656,0.5328096546485488,3.6041666666666665,0.5794231513743708
Juncheng Shang,51,0.49019607843137253,0.04951642350899615,0.03110067507161242,0.6144124729472653,0.692819903362562,0.3855875270527347,0.518405812787351,7.3,0.6081710572539377
Kamil Majchrzak,45,0.5111111111111111,0.07731269564446376,0.034087226758455165,0.6116705692517789,0.7251365793211816,0.3883294307482211,0.5034939296121088,6.897435897435898,0.6386618498460603
Karen Khachanov,274,0.6131386861313869,0.10541071539194317,0.028444922082014816,0.6393762317423592,0.7545958524618852,0.36062376825764075,0.5278429194052856,5.585820895522388,0.6191065017685685
Kei Nishikori,109,0.6238532110091743,0.041943830607930534,0.026644601035576903,0.6264655497170605,0.6980293122186627,0.37353445028293947,0.558555495608209,6.427184466019417,0.5719478156862058
Kevin Anderson,98,0.6020408163265306,0.18923928748040938,0.03336043628406508,0.6388995132956926,0.7919991698755644,0.3611004867043074,0.5305513514151203,4.91578947368421,0.6510221824246214
Kyle Edmund,86,0.5348837209302325,0.0960767039946402,0.031013937209949837,0.6034976545704203,0.7461431431494658,0.3965023454295798,0.5138537948406305,5.416666666666667,0.6036291011619959
Laslo Djere,111,0.38738738738738737,0.086847946127928,0.04127285920834402,0.612117277838165,0.7042548728584467,0.38788272216183484,0.48803719999649436,7.453703703703703,0.5750830940211444
Lloyd Harris,107,0.5046728971962616,0.14691170165354558,0.031610894201958124,0.647007937476914,0.7561880167943619,0.3529920625230861,0.4795987924783557,5.836538461538462,0.5973464039947155
Lorenzo Musetti,122,0.4672131147540984,0.05563451210862358,0.025667547185235777,0.6348133951635343,0.7034092504146089,0.3651866048364657,0.5190900493029047,6.521367521367521,0.556765568261104
Lorenzo Sonego,154,0.44805194805194803,0.08982814969584747,0.023971099019318032,0.6577571636033503,0.7342175183485742,0.3422428363966496,0.5245284083243459,5.577181208053691,0.5992289038840033
Lucas Pouille,72,0.5138888888888888,0.09248379700193778,0.044849841462298735,0.5679933353307898,0.7346747163044332,0.4320066646692102,0.4991567108573064,7.069444444444445,0.6195658862390991
Mackenzie Mcdonald,165,0.48484848484848486,0.0676239554953368,0.03095747840074673,0.641176845997262,0.6978864038446997,0.35882315400273795,0.5110799436450767,6.607361963190184,0.5738876168999811
Malek Jaziri,47,0.3829787234042553,0.050472679319396134,0.04318996103754066,0.5428104853062956,0.6667721329450215,0.4571895146937043,0.45800001731861933,8.044444444444444,0.5141119827884534
Marc Andrea Huesler,49,0.4489795918367347,0.11208031201567109,0.026057159511310893,0.6212701696962856,0.7433430709045861,0.37872983030371443,0.5286338564545573,5.911111111111111,0.5847781006871916
Marco Cecchinato,51,0.23529411764705882,0.07105331185145015,0.04107486870169967,0.6287017321987379,0.6918850848080241,0.371298267801262,0.5041921086172798,6.775510204081633,0.5680125996452527
Marcos Giron,149,0.48322147651006714,0.06709820032801694,0.02026784268441787,0.609607040626832,0.7200089990563909,0.390392959373168,0.5122494604300051,6.061224489795919,0.5840889162091024
Marin Cilic,175,0.5657142857142857,0.13145769002407962,0.041746853161327487,0.589761488174753,0.7843066396085884,0.4102385118252469,0.5076501321241793,6.0476190476190474,0.602841390736271
Marius Copil,55,0.45454545454545453,0.1565055717032034,0.038024931970509615,0.5839248806612689,0.7793258246536365,0.416075119338731,0.5254754506466625,5.6415094339622645,0.5560110988302477
Marton Fucsovics,177,0.4745762711864407,0.053821196206334174,0.03671841688217273,0.5929270768935326,0.6999544997042769,0.4070729231064673,0.5134915756315934,7.502958579881657,0.5745350448117247
Matteo Arnaldi,55,0.5272727272727272,0.07935022997187308,0.03850997380915509,0.5802899423709906,0.7180025964040453,0.41971005762900926,0.5110944360940772,6.927272727272728,0.5755159103716796
Matteo Berrettini,151,0.5562913907284768,0.12824940135022525,0.023187198132290324,0.6361469868193782,0.7781669057480309,0.3638530131806217,0.5190704282606856,5.406896551724138,0.6411685162348586
Matthew Ebden,51,0.4117647058823529,0.08802558683857305,0.06740174411530843,0.5912796595136488,0.7150172912645467,0.4087203404863511,0.4788716163094228,6.745098039215686,0.5756485867074103
Max Purcell,55,0.36363636363636365,0.11228038354438387,0.035225377316238794,0.579757952092302,0.7403183369682688,0.420242047907698,0.4835048524020941,7.038461538461538,0.6120939893439893
Maxime Cressy,66,0.4393939393939394,0.18429881599641265,0.10540988628533682,0.6026178464795009,0.7908051508893694,0.3973821535204991,0.540233265508242,4.787878787878788,0.6146541527689069
Maximilian Marterer,51,0.35294117647058826,0.09724125523632071,0.024259171770786223,0.627181322199321,0.706799192755126,0.372818677800679,0.5341632120028974,6.06,0.5848493626554851
Michael Mmoh,51,0.49019607843137253,0.07197193577198296,0.049258196590976536,0.654886849338038,0.6946032542555871,0.34511315066196196,0.4701237205217311,8.137254901960784,0.5727601614712341
Mikael Ymer,100,0.52,0.03289838063797013,0.036342045782679064,0.680977434851361,0.646036160033105,0.319022565148639,0.49872683938677914,7.684782608695652,0.5544908188958991
Mikhail Kukushkin,102,0.4215686274509804,0.03485722679748202,0.017022901297873008,0.6382509933945772,0.6564917414828372,0.3617490066054228,0.5321404588557636,7.459183673469388,0.5500436113594008
Milos Raonic,114,0.6140350877192983,0.23357223704132854,0.0523839339503401,0.6181912735054702,0.8346431469860657,0.38180872649452985,0.5669364244091865,3.514018691588785,0.6561814154837411
Miomir Kecmanovic,185,0.4918918918918919,0.055783748835643604,0.026145126430173648,0.6047027161501549,0.7110849306853352,0.3952972838498451,0.5463596797403606,6.646067415730337,0.5818201357492098
Nick Kyrgios,110,0.6545454545454545,0.20985068697977527,0.04056360310680144,0.6697236870680275,0.7923739952103597,0.3302763129319724,0.5331398745943603,4.230769230769231,0.6773525787570731
Nicolas Jarry,85,0.4117647058823529,0.12587393678879677,0.03025932211454651,0.6358012615172524,0.7595227216599795,0.3641987384827476,0.5016920646869603,6.154761904761905,0.6270264991418838
Nikoloz Basilashvili,141,0.46099290780141844,0.06316272182907638,0.058520103960689906,0.568731215515941,0.6892783901279871,0.43126878448405903,0.48278613982553104,7.713235294117647,0.5488210639423816
Novak Djokovic,236,0.8559322033898306,0.09641937731063742,0.03412486083824079,0.6440834585027199,0.7860691004767313,0.35591654149728014,0.5825823728914797,3.92,0.6008031271329144
Nuno Borges,52,0.4423076923076923,0.06556734833763382,0.03584009112758833,0.6247231677775833,0.6940419707415733,0.3752768322224166,0.49133187784792354,7.0,0.5418081351754821
Oscar Otte,47,0.3191489361702128,0.11519237940015227,0.04903894921676821,0.5613822127725077,0.7538963026982993,0.43861778722749234,0.4947756883588505,6.476190476190476,0.5614992299367298
Pablo Andujar,47,0.3191489361702128,0.021434286064181397,0.04474620721822604,0.640099733920591,0.6529408589597121,0.3599002660794089,0.4645948915237326,8.434782608695652,0.5725726506608859
Pablo Carreno Busta,174,0.6206896551724138,0.06103715414324582,0.023688585034597316,0.6666879156277911,0.7135802462905387,0.3333120843722089,0.5507723855410905,6.401197604790419,0.6340431695649912
Pavel Kotov,44,0.38636363636363635,0.04589040153587269,0.03476905445588043,0.6515581473600615,0.6900205534243734,0.34844185263993854,0.4637529691322839,7.9772727272727275,0.6193393764583605
Pedro Martinez,61,0.3770491803278688,0.03706323739958859,0.04448750541307849,0.6513049171071476,0.6486847141609363,0.3486950828928524,0.4767457520714814,7.852459016393443,0.5411885794479815
Peter Gojowczyk,90,0.43333333333333335,0.08644461221517159,0.055915944186119955,0.5321013789894425,0.7327711877505433,0.46789862101055746,0.4821096835793799,7.056179775280899,0.5669006874718229
Philipp Kohlschreiber,61,0.45901639344262296,0.06420599465221051,0.022335286103268973,0.6158846882007083,0.7164107476314632,0.38411531179929165,0.5504824131609676,6.593220338983051,0.6454175275956292
Pierre Hugues Herbert,100,0.49,0.09944901640106542,0.04377110374477382,0.5956776227639207,0.7452495539777343,0.4043223772360793,0.5167526438566373,6.52,0.6008842134047726
Quentin Halys,51,0.3137254901960784,0.16244887279244166,0.05149414394144427,0.6023140456010306,0.7861648179076546,0.39768595439896937,0.45934518179132733,6.882352941176471,0.6369834481966835
Radu Albot,123,0.44715447154471544,0.04078686738431607,0.03798744007380879,0.6339635813715092,0.670670310629533,0.36603641862849073,0.5003306491024502,7.450819672131147,0.5682354742036819
Rafael Nadal,125,0.792,0.07292481969065925,0.03131746194775406,0.64277831358858,0.7651489133515915,0.35722168641142005,0.5682812629065056,5.008403361344538,0.6416269388931628
Reilly Opelka,125,0.56,0.23890651751430908,0.032962498180941956,0.6489463203842646,0.8112985249465485,0.3510536796157354,0.5581075128768027,3.8225806451612905,0.6817118009567105
Ricardas Berankis,85,0.4823529411764706,0.046401455428615915,0.03959065650857573,0.5881871913929447,0.7067468260130413,0.41181280860705527,0.5015842242455552,7.144578313253012,0.598290748742556
Richard Gasquet,140,0.4857142857142857,0.07403439100526613,0.03449520057272435,0.6095204989668681,0.724212951097124,0.39047950103313184,0.5151119200537296,6.2592592592592595,0.5726004236255154
Rinky Hijikata,44,0.45454545454545453,0.04925531078052196,0.04016621056940917,0.5709128172686184,0.6733633764068666,0.4290871827313815,0.46074197144106493,8.674418604651162,0.592072559223722
Roberto Bautista Agut,218,0.6009174311926605,0.04769838966835242,0.022966454015287647,0.6619307148053586,0.7151869006544571,0.33806928519464147,0.5501411586784881,6.113207547169812,0.5970008430614422
Roberto Carballes Baena,77,0.37662337662337664,0.040970347668542996,0.03888096998499374,0.6067482162559791,0.6797717569956386,0.39325178374402087,0.50533109351759,7.184210526315789,0.5495653222336658
Robin Haase,63,0.4603174603174603,0.0898448375422252,0.038059675168834434,0.5707338524751765,0.7381279857361477,0.42926614752482356,0.4958067112640779,7.349206349206349,0.5774938577976186
Roger Federer,97,0.8247422680412371,0.11825546232168534,0.024605583299625373,0.6299458044636917,0.7923582574878014,0.37005419553630825,0.5928952897587842,4.0,0.6595711345711346
Roman Safiullin,72,0.4722222222222222,0.08858157081882564,0.04096449112385878,0.6123538402440183,0.7404479311573011,0.3876461597559817,0.5042885076329852,6.472222222222222,0.6242604513281205
Ryan Harrison,41,0.5121951219512195,0.1143475348545108,0.0379488153589529,0.6019870176592463,0.7513067085533989,0.39801298234075366,0.5371661436974897,6.325,0.6799221976853556
Sam Querrey,84,0.42857142857142855,0.18865727988710834,0.049552236627753043,0.593396053760426,0.8074354324981537,0.40660394623957397,0.49634532741377235,4.726190476190476,0.5390524453024452
Sebastian Baez,64,0.3125,0.025458451744129855,0.020947464677621014,0.7307869164250189,0.6148193137990865,0.269213083574981,0.46245303292030143,7.737704918032787,0.5206207218707218
Sebastian Korda,139,0.6258992805755396,0.09895063745306049,0.02744325425133351,0.6287068412453406,0.7347640297252509,0.37129315875465946,0.5315699666520192,6.116788321167883,0.6267337761765969
Soon Woo Kwon,102,0.49019607843137253,0.06444930921108209,0.039119579415865274,0.598050404095139,0.7044946500932882,0.4019495959048609,0.5163880230609785,7.1098901098901095,0.5976366054864859
Stan Wawrinka,144,0.5486111111111112,0.10962405881522137,0.022630717893211503,0.5779359022779395,0.7677206525713698,0.42206409772206044,0.5317675317046172,6.127659574468085,0.6188147396226257
Stefano Travaglia,45,0.35555555555555557,0.0989204101781235,0.03996041035765663,0.5595185516209913,0.7385506025875123,0.4404814483790086,0.4833189329670245,7.0,0.5439848161486817
Stefanos Tsitsipas,309,0.6601941747572816,0.10061584321385861,0.027545295233399922,0.6229874610191832,0.7773167428592931,0.37701253898081666,0.5538449976855365,4.797297297297297,0.6274429134806493
Steve Johnson,102,0.4215686274509804,0.1057135669207847,0.04050542716651258,0.5673255853021574,0.747777268951388,0.4326744146978427,0.5279135060762306,5.823529411764706,0.6430914379064773
Tallon Griekspoor,122,0.4918032786885246,0.11086142687671878,0.039161517357761105,0.6437960845728504,0.7552214660715049,0.35620391542714946,0.5128373310402036,5.460869565217391,0.601481647478055
Taro Daniel,115,0.391304347826087,0.05483976908013838,0.032507724646229835,0.6031704727123285,0.6795564675810648,0.3968295272876715,0.49256467407817445,7.280701754385965,0.55260705011522
Taylor Fritz,278,0.6258992805755396,0.12900199742812987,0.030287939042580904,0.6027143934054963,0.7791182477903457,0.3972856065945037,0.5303927842740669,5.241635687732342,0.6296112921744754
Tennys Sandgren,73,0.3835616438356164,0.11437830195096882,0.03189496648176951,0.6034773050334278,0.7430284541817005,0.39652269496657216,0.4866582773684023,7.097222222222222,0.6412016928321276
Thanasi Kokkinakis,97,0.4742268041237113,0.13753254475581472,0.03198110205311119,0.6321195774650943,0.7696738911707692,0.3678804225349056,0.5077064418878039,5.612903225806452,0.6351266304754677
Thiago Monteiro,65,0.36923076923076925,0.08564096682898242,0.025399499250589697,0.6559804316390555,0.7361851532764289,0.3440195683609445,0.5303412056131647,6.377049180327869,0.6685946710871935
Tomas Machac,65,0.5538461538461539,0.0714353175502106,0.032149172049646665,0.6261985345542371,0.7146394668403376,0.37380146544576287,0.528387730652562,6.258064516129032,0.6379531015124235
Tomas Martin Etcheverry,56,0.4107142857142857,0.08703292495050383,0.020627335870955034,0.6551934684652576,0.7121555601864219,0.3448065315347423,0.504458600898052,6.892857142857143,0.590607797552242
Tommy Paul,198,0.6111111111111112,0.06984529922887117,0.0277194281112968,0.6093222870954578,0.7226799827077506,0.3906777129045422,0.5371235130915519,6.27979274611399,0.586447786283832
Ugo Humbert,182,0.5714285714285714,0.0944928469802946,0.029665758208074988,0.6227896780076378,0.7460062015415341,0.37721032199236215,0.5460523363397731,5.716763005780347,0.6303946915748158
Vasek Pospisil,83,0.4819277108433735,0.12389481796705652,0.04378571226838686,0.5982083872332097,0.7717817242993023,0.4017916127667902,0.48998973648417615,5.925925925925926,0.6356092680768005
Yannick Hanfmann,40,0.375,0.07274699948664773,0.02222783139395061,0.6468467652165744,0.677321055349362,0.35315323478342553,0.5000263316963849,8.0,0.6205948565323565
Yoshihito Nishioka,177,0.5028248587570622,0.02617794620617351,0.01897074639490169,0.6549236373596122,0.6431017639331614,0.3450763626403877,0.551408300640178,7.034883720930233,0.5291209912266426
Zhizhen Zhang,58,0.41379310344827586,0.09543591459594576,0.025415630103188848,0.637303825789139,0.7281583973505964,0.36269617421086103,0.5236980809415044,5.666666666666667,0.5436810458657529
Zizou Bergs,40,0.4,0.08883882342746698,0.03521633646150772,0.6300662310317987,0.7206972357483205,0.3699337689682013,0.529571539012011,6.388888888888889,0.6100242486271898
